,Date,Open,High,Low,Close,Volume
0,2/1/2013,17.91833878,18.10713005,17.84685516,18.0137291,102033017
1,3/1/2013,18.05557251,18.22991943,17.95071602,18.0241909,93075567
2,4/1/2013,18.1654129,18.4675293,18.12406731,18.38035583,110954331
3,7/1/2013,18.31759071,18.41547394,18.19629669,18.30015755,66476239
4,8/1/2013,18.31983376,18.33876228,18.04311943,18.2640419,67295297
5,9/1/2013,18.23838806,18.3898201,18.14698029,18.38409233,81291563
6,10/1/2013,18.5014019,18.55545044,18.2690239,18.46777725,73703226
7,11/1/2013,18.48073006,18.49143982,18.33876228,18.43066788,51600690
8,14/1/2013,18.35619545,18.48571014,17.99131393,18.0137291,114985384
9,15/1/2013,17.91609573,18.30638313,17.73602104,18.05557251,157696879
10,16/1/2013,17.99255943,18.0408783,17.7751236,17.81298256,81239368
11,17/1/2013,17.87574768,17.92381668,17.7091217,17.7165947,88791570
12,18/1/2013,17.69268227,17.75270844,17.46777534,17.5469799,129555794
13,22/1/2013,17.5507164,17.56765175,17.32306862,17.50613213,152264594
14,23/1/2013,18.33104134,18.65507507,18.32605934,18.46827507,237249950
15,24/1/2013,18.46180153,18.85009575,18.44361877,18.78483963,135815168
16,25/1/2013,18.69916153,18.89119148,18.68620872,18.77139091,89369729
17,28/1/2013,18.72381973,18.81945992,18.62742996,18.69816589,65327951
18,29/1/2013,18.59903526,18.85308456,18.59380531,18.77163887,70145942
19,30/1/2013,18.77313423,18.95271111,18.75246048,18.77537537,69579828
20,31/1/2013,18.69268417,18.86977005,18.68620872,18.82170105,65613015
21,1/2/2013,18.88421631,19.34250069,18.88172722,19.31759262,150405652
22,4/2/2013,19.12058067,19.18982124,18.88596153,18.9046402,122075862
23,5/2/2013,18.95719337,19.20576286,18.91584969,19.07201385,75108474
24,6/2/2013,18.9058857,19.25183868,18.8916893,19.18235016,83435569
25,7/2/2013,19.17064476,19.39754295,19.06603622,19.27649689,114033831
26,8/2/2013,19.43041992,19.5933094,19.41622353,19.56093025,121256803
27,11/2/2013,19.38733292,19.50190163,19.2715168,19.48745537,87037018
28,12/2/2013,19.47076988,19.62394524,19.41149139,19.44461632,74638720
29,13/2/2013,19.43041992,19.56043243,19.42643547,19.49841499,48107646
30,14/2/2013,19.42045784,19.64486694,19.37163925,19.62195206,69672173
31,15/2/2013,19.61149025,19.75744438,19.60327148,19.74822807,109601278
32,19/2/2013,19.82543945,20.09966278,19.80775642,20.09592628,117711564
33,20/2/2013,20.05731964,20.14872742,19.72083092,19.73751831,110982436
34,21/2/2013,19.87550163,20.06105614,19.70663452,19.81398201,140781714
35,22/2/2013,19.90688324,19.9564476,19.7708931,19.91809273,82463941
36,25/2/2013,19.98259926,20.13478088,19.68845367,19.69542694,92501423
37,26/2/2013,19.80078125,19.82444382,19.53677177,19.67948532,88430220
38,27/2/2013,19.79579926,20.04362106,19.70389557,19.91983604,81347773
39,28/2/2013,19.95271111,20.09941292,19.9509697,19.9552021,90971711
40,1/3/2013,19.87051964,20.10314751,19.8294239,20.07948685,87342157
41,4/3/2013,20.05731964,20.49418259,20.04984856,20.4608078,111440145
42,5/3/2013,20.64586449,20.92531776,20.64511681,20.88671112,162370331
43,6/3/2013,20.94723511,21.02120781,20.64287567,20.70688629,115350748
44,7/3/2013,20.77363586,20.83739662,20.66205406,20.73727226,82415761
45,8/3/2013,20.78459358,20.79505539,20.54922676,20.71037292,116912581
46,11/3/2013,20.71460724,20.91410828,20.7098732,20.79256439,64027093
47,12/3/2013,20.6901989,20.71958733,20.51485443,20.61298752,80633104
48,13/3/2013,20.62021065,20.68969917,20.48098183,20.55570221,65898080
49,14/3/2013,20.59754562,20.59754562,20.35844231,20.46180344,66295564
50,15/3/2013,20.38608742,20.43091965,20.25757027,20.28148079,124452737
51,18/3/2013,20.04984856,20.24312401,19.96192741,20.11933708,73807616
52,19/3/2013,20.20526695,20.40476799,20.0859623,20.20725822,84242583
53,20/3/2013,20.34449387,20.36142921,20.21024704,20.29169273,58771467
54,21/3/2013,20.20651054,20.346735,20.17064476,20.20576477,59325536
55,22/3/2013,20.29243851,20.30489159,20.16541481,20.1821022,59751126
56,25/3/2013,20.23440552,20.40427017,20.0951786,20.16541481,68736680
57,26/3/2013,20.26155472,20.2740078,20.11933708,20.23465538,47854701
58,27/3/2013,20.09169006,20.09966278,19.95844078,19.99156761,86852328
59,28/3/2013,20.02469254,20.05906487,19.75844193,19.78060722,91855009
60,1/4/2013,19.80103111,19.98135567,19.75719452,19.95495415,72562968
61,2/4/2013,20.03839111,20.29468155,20.0249424,20.25009727,81966082
62,3/4/2013,20.26055717,20.27898979,19.94200134,20.07973671,69800653
63,4/4/2013,20.03116798,20.06852722,19.7086277,19.80252457,98270968
64,5/4/2013,19.57811546,19.60128021,19.33751869,19.50314713,137870844
65,8/4/2013,19.3960495,19.41597366,19.13826561,19.29891205,113708616
66,9/4/2013,19.31510162,19.5205822,19.25557518,19.36865234,86615444
67,10/4/2013,19.49991035,19.73477936,19.32755661,19.68073273,79440651
68,11/4/2013,19.74798012,19.75345993,19.52830315,19.68596268,81452163
69,12/4/2013,19.72581291,19.72855377,19.50015831,19.67749405,65713390
70,15/4/2013,19.57537651,19.85059547,19.35296059,19.47525215,98491793
71,16/4/2013,19.59131622,19.82568741,19.52481651,19.76018333,69941178
72,17/4/2013,19.59530258,19.69717026,19.37985992,19.49094391,81785407
73,18/4/2013,19.56043243,19.57164192,18.96043205,19.07624817,133398142
74,19/4/2013,19.15719414,20.01099396,19.08496475,19.92207718,232998073
75,22/4/2013,19.94025993,20.02394485,19.30264854,19.92805481,115768308
76,23/4/2013,19.95022202,20.31136894,19.9342804,20.12207794,92035684
77,24/4/2013,20.12730789,20.37363434,20.12456894,20.26030922,73438237
78,25/4/2013,20.33004761,20.33552742,20.11535263,20.15196419,79986690
79,26/4/2013,20.11460686,20.11809158,19.84013367,19.96068192,99880980
80,29/4/2013,20.00626183,20.49069595,20.00003433,20.40003586,92376959
81,30/4/2013,20.3985405,20.6137352,20.36566353,20.5372715,92613843
82,1/5/2013,20.50464439,20.54100609,20.33278847,20.43415833,58418148
83,2/5/2013,20.42593956,20.78583908,20.3997879,20.66280174,81034603
84,3/5/2013,20.84586525,21.0909462,20.82195473,21.06404686,100880714
85,6/5/2013,21.1273098,21.4657917,21.1273098,21.45831871,85973045
86,7/5/2013,21.49468231,21.51610184,21.18733406,21.35072136,78653713
87,8/5/2013,21.34499359,21.7654171,21.24312592,21.75919151,99102072
88,9/5/2013,21.68970108,21.90937805,21.62469482,21.7056427,88353936
89,10/5/2013,21.80103493,21.93129539,21.72257805,21.92357445,76192522
90,13/5/2013,21.89019966,21.9793663,21.75296593,21.85632706,58157173
91,14/5/2013,21.85557938,22.13428497,21.84661484,22.0946846,63408784
92,15/5/2013,22.30389977,22.82394981,22.26703835,22.8117466,160033605
93,16/5/2013,22.88920593,22.91361427,22.46604156,22.51236725,128865215
94,17/5/2013,22.66554451,22.75197029,22.42893028,22.6446228,112098604
95,20/5/2013,22.54051208,22.92905617,22.54051208,22.62843323,91248746
96,21/5/2013,22.61573029,22.70639038,22.35645294,22.58957863,79617311
97,22/5/2013,22.47974014,22.64785957,22.08920479,22.15246773,102807910
98,23/5/2013,21.8431263,22.16591644,21.76840782,21.98733521,91345105
99,24/5/2013,21.79978943,21.88845634,21.69393539,21.75147057,92216359
100,28/5/2013,22.00502014,22.22021294,21.92780876,21.94947815,90638467
101,29/5/2013,21.81099701,21.8677845,21.52656364,21.626688,80837869
102,30/5/2013,21.6667881,21.89044952,21.57936478,21.68770981,85145956
103,31/5/2013,21.62195587,21.8431263,21.6070118,21.69916534,79071272
104,3/6/2013,21.74349976,21.76765823,21.29567909,21.60975075,99399181
105,4/6/2013,21.61523056,21.68347549,21.27201653,21.39729881,75024159
106,5/6/2013,21.48222923,21.6550808,21.34823227,21.41224289,84587872
107,6/6/2013,21.5268116,21.5773735,21.1014061,21.53528023,103550684
108,7/6/2013,21.67924118,21.91784668,21.55221748,21.91112137,107385002
109,10/6/2013,21.97014999,22.19182014,21.92008781,22.17239189,93862506
110,11/6/2013,22.01672554,22.0921936,21.90589142,21.91311455,70567517
111,12/6/2013,22.05383682,22.06728554,21.66006279,21.71809578,88522565
112,13/6/2013,21.6433754,21.90937805,21.55669975,21.8431263,83106340
113,14/6/2013,21.92033768,22.03490829,21.77164459,21.79430962,90136592
114,17/6/2013,21.89866829,22.15271568,21.87500763,22.07351303,86173794
115,18/6/2013,22.13328934,22.44088554,22.12581635,22.43142128,87000883
116,19/6/2013,22.45010185,22.68596649,22.35371208,22.43291664,117073180
117,20/6/2013,22.26629066,22.44088554,22.00028801,22.03590393,135385563
118,21/6/2013,22.12556839,22.16392326,21.74524307,21.94100952,159889066
119,24/6/2013,21.71560478,21.82619095,21.50065994,21.66354942,121128323
120,25/6/2013,21.84960175,21.90987587,21.53204346,21.57413483,102510801
121,26/6/2013,21.76218033,21.86803246,21.68297768,21.75968933,73530581
122,27/6/2013,21.88795853,22.03465843,21.83440971,21.84486961,77348840
123,28/6/2013,21.79082298,21.96367455,21.77313995,21.92706108,94324230
124,1/7/2013,22.07849312,22.21871948,22.04237938,22.11411095,69250599
125,2/7/2013,22.17189407,22.19182014,21.84985161,21.97538185,75943592
126,3/7/2013,21.91535568,22.14624023,21.88048744,22.0779953,42036977
127,5/7/2013,22.16716194,22.30165863,22.10066032,22.25383759,68331166
128,8/7/2013,22.39630318,22.57214355,22.34325218,22.54275322,79075287
129,9/7/2013,22.68995285,22.73851967,22.36566734,22.54648972,79472771
130,10/7/2013,22.50190735,22.69343948,22.42544365,22.56517029,68592140
131,11/7/2013,22.73976517,22.93428612,22.62818336,22.92008972,103755449
132,12/7/2013,22.91411209,22.98883247,22.79555702,22.98883247,103113050
133,15/7/2013,23.02121162,23.11336517,22.823452,23.03092384,78713937
134,16/7/2013,23.09169769,23.11261749,22.76218224,22.90439987,79617311
135,17/7/2013,22.93901825,23.08497238,22.82195854,22.87799835,60469809
136,18/7/2013,22.88895607,22.91411209,22.4954319,22.68198204,145924920
137,19/7/2013,22.08247948,22.48945427,21.80850601,22.33129692,295475379
138,22/7/2013,22.46579361,22.7315464,22.341259,22.68247986,116563276
139,23/7/2013,22.68247986,22.73976517,22.40526962,22.51062584,82134711
140,24/7/2013,22.59680176,22.67251778,22.43341446,22.48820877,83451629
141,25/7/2013,22.26330185,22.33752251,22.06927872,22.10962868,120493954
142,26/7/2013,22.09194374,22.16666412,21.9676609,22.05109787,71374530
143,29/7/2013,22.03988838,22.28696251,21.94001389,21.97438431,75959652
144,30/7/2013,22.05383682,22.30663872,21.93951416,22.18982697,70487217
145,31/7/2013,22.24138451,22.32905579,22.07176971,22.11087227,87265872
146,1/8/2013,22.29144669,22.5293045,22.29144669,22.52108574,85856610
147,2/8/2013,22.50165749,22.59032631,22.43640327,22.57961655,68812965
148,5/8/2013,22.55022621,22.55346489,22.39605331,22.54051208,52584363
149,6/8/2013,22.53279114,22.65782356,22.30962753,22.33054924,60469809
150,7/8/2013,22.29244232,22.37737465,22.14424706,22.18310165,55374783
151,8/8/2013,22.3036499,22.31236839,22.04960251,22.23316574,59743096
152,9/8/2013,22.18086052,22.30439758,22.16691208,22.17712593,53146462
153,12/8/2013,22.08970261,22.0921936,21.95894241,22.05508232,55286453
154,13/8/2013,22.08795929,22.12955284,21.82320023,21.94898033,57004870
155,14/8/2013,21.87724876,21.92357445,21.59804535,21.66404724,83600184
156,15/8/2013,21.53029823,21.54225349,21.36989975,21.41124535,75048249
157,16/8/2013,21.4515934,21.48048592,21.33353615,21.34275246,67255147
158,19/8/2013,21.36267662,21.7185936,21.35620117,21.56043625,72707508
159,20/8/2013,21.62768364,21.72133255,21.50788307,21.55470848,49504863
160,21/8/2013,21.68496895,21.84088516,21.58160782,21.65209389,70555472
161,22/8/2013,21.73602867,21.78708649,21.67500687,21.76118469,34926424
162,23/8/2013,21.86379814,21.86803246,21.66255379,21.67400932,43245489
163,26/8/2013,21.66877937,21.79082298,21.57039833,21.57886696,42257801
164,27/8/2013,21.41024971,21.5126152,21.11834335,21.17438316,69623993
165,28/8/2013,21.17687416,21.30539131,21.11510468,21.13453293,53395392
166,29/8/2013,21.14748383,21.42917824,21.13552856,21.30588913,59361671
167,30/8/2013,21.3141098,21.37089729,21.06006241,21.09343719,74743109
168,3/9/2013,21.27923965,21.57388687,21.26902771,21.42917824,82210996
169,4/9/2013,21.42843056,21.75595284,21.29941559,21.70937729,81954037
170,5/9/2013,21.75595284,21.91485786,21.70887947,21.90688705,51845604
171,6/9/2013,21.97861862,22.01199341,21.76193047,21.90738678,62698130
172,9/9/2013,22.01074791,22.16068649,21.9781208,22.11834526,49569103
173,10/9/2013,22.1674118,22.2167263,22.01747322,22.13378716,51697050
174,11/9/2013,22.13054848,22.34051132,22.06927872,22.32108498,64665477
175,12/9/2013,22.35122108,22.36367416,22.16716194,22.24312782,43984248
176,13/9/2013,22.27899361,22.30838394,22.03839493,22.14374924,53214717
177,16/9/2013,22.32133484,22.341259,22.03914261,22.11112213,53660381
178,17/9/2013,22.10240555,22.12681389,21.94275284,22.0700264,50564822
179,18/9/2013,22.07600403,22.51485825,21.99431038,22.49866867,77678069
180,19/9/2013,22.56517029,22.56517029,22.30140877,22.37587929,64155573
181,20/9/2013,22.37587929,22.5188446,22.30688858,22.49343872,174463490
182,23/9/2013,22.32008934,22.45558167,22.04736137,22.07974052,71362485
183,24/9/2013,22.07974052,22.16940308,21.95271683,22.08820724,59694916
184,25/9/2013,22.08098412,22.08098412,21.80825615,21.84885406,66207234
185,26/9/2013,21.87550545,21.98633957,21.79331207,21.87226677,50584897
186,27/9/2013,21.7888298,21.85607719,21.70140839,21.82793427,50540732
187,30/9/2013,21.64586639,21.93876839,21.626688,21.8159771,69154239
188,1/10/2013,21.92407227,22.10887909,21.91909218,22.0921936,67644602
189,2/10/2013,21.98584175,22.15097237,21.86355019,22.11685181,60036190
190,3/10/2013,22.11709976,22.26902962,21.72108459,21.82046127,84997401
191,4/10/2013,21.79331207,21.85582924,21.66877937,21.72731018,54523605
192,7/10/2013,21.60526848,21.76815796,21.52207947,21.56267738,51937949
193,8/10/2013,21.55221748,21.56865501,21.21124458,21.26205444,78039419
194,9/10/2013,21.3270607,21.48571587,20.99580383,21.3166008,106449509
195,10/10/2013,21.51535416,21.6396389,21.42494392,21.62494469,90550137
196,11/10/2013,21.56990051,21.75545502,21.55171967,21.71834373,56567236
197,14/10/2013,21.58559227,21.82444763,21.5539608,21.82095909,49930453
198,15/10/2013,21.81224251,22.05807114,21.76840782,21.96790886,63914673
199,16/10/2013,22.06404877,22.37438583,22.01772118,22.36691284,80604999
200,17/10/2013,22.24138451,22.33876991,22.06056213,22.13677597,170902191
201,18/10/2013,24.32332993,25.29170036,24.25907135,25.19082832,464390148
202,21/10/2013,25.19207382,25.37986946,24.89543533,24.98883629,145675990
203,22/10/2013,25.03117752,25.2304306,24.80178642,25.08098984,88675135
204,23/10/2013,24.93154907,25.77215004,24.92233467,25.68896103,106927293
205,24/10/2013,25.70041847,25.91710663,25.52432823,25.5430088,83997668
206,25/10/2013,25.62445259,25.62445259,25.17414093,25.28522491,81524432
207,28/10/2013,25.28522491,25.49020576,25.23018074,25.28024292,46521724
208,29/10/2013,25.38236046,25.82669449,25.24288368,25.80926132,64440637
209,30/10/2013,25.83889961,25.84089279,25.55421638,25.66430473,53162522
210,31/10/2013,25.62719345,25.94076729,25.50365639,25.66828918,65845885
211,1/11/2013,25.69842529,25.80328369,25.53180122,25.58011818,51524405
212,4/11/2013,25.69120216,25.71287155,25.45533752,25.55695534,45722740
213,5/11/2013,25.41349411,25.69493866,25.34051895,25.44263458,47433127
214,6/11/2013,25.5442543,25.57912254,25.28945923,25.47327042,36652871
215,7/11/2013,25.46978378,25.50266075,25.09693146,25.1046524,67435822
216,8/11/2013,25.12457657,25.36741638,25.11834908,25.30589676,51825529
217,11/11/2013,25.1435051,25.30340767,25.1058979,25.17040443,44670812
218,12/11/2013,25.09842491,25.34400368,25.03117752,25.20004463,48906630
219,13/11/2013,25.07476425,25.72482681,25.06853676,25.71536255,63412799
220,14/11/2013,25.75147629,25.89668274,25.66255951,25.7841053,46842923
221,15/11/2013,25.77513885,25.85309601,25.66156387,25.74251175,51243355
222,18/11/2013,25.7970562,26.12059402,25.6349144,25.69244766,70651832
223,19/11/2013,25.69668388,25.77215004,25.4807415,25.53429031,45433661
224,20/11/2013,25.65259743,25.73752975,25.41374207,25.46231079,38692487
225,21/11/2013,25.57912254,25.86081696,25.55421638,25.75521278,43835693
226,22/11/2013,25.73902321,25.8075161,25.63441658,25.70091629,50356042
227,25/11/2013,25.8321743,26.23142815,25.77887344,26.05060577,64761837
228,26/11/2013,26.11710739,26.43840218,25.97613525,26.36144066,91794785
229,27/11/2013,26.45160294,26.60029602,26.40104294,26.47850227,45112461
230,29/11/2013,26.45484161,26.56592369,26.38734436,26.39083099,47890836
231,2/12/2013,26.48846436,26.55920029,26.17090416,26.26355743,55133884
232,3/12/2013,26.17563629,26.48672104,26.12756729,26.23317146,67295297
233,4/12/2013,26.1860981,26.50017166,26.15197563,26.35571289,47842656
234,5/12/2013,26.33130455,26.39257431,26.17912483,26.33479118,45517975
235,6/12/2013,26.64487839,26.65010834,26.40303421,26.64687157,57366220
236,9/12/2013,26.67476654,26.95671082,26.60079384,26.85284805,59526286
237,10/12/2013,26.8032856,27.20577621,26.79083061,27.01523972,74433955
238,11/12/2013,27.08348465,27.18111801,26.77887535,26.83167839,68728650
239,12/12/2013,26.88846588,26.97240067,26.62520218,26.6491127,64099363
240,13/12/2013,26.78460503,26.80677223,26.34848976,26.42071915,86820208
241,16/12/2013,26.50066948,26.76692009,26.45110512,26.7243309,64320188
242,17/12/2013,26.72034645,26.91810417,26.60976028,26.6466217,61658247
243,18/12/2013,26.69618607,27.02246284,26.37713242,27.01748276,88743390
244,19/12/2013,26.91835213,27.1978054,26.87626076,27.05409431,66877738
245,20/12/2013,27.10589981,27.42644882,27.09842873,27.41275024,130953011
246,23/12/2013,27.59257507,27.79083252,27.52482986,27.77339745,69122119
247,24/12/2013,27.77016068,27.77688408,27.59905243,27.69220352,29478078
248,26/12/2013,27.74625015,27.8705349,27.61374664,27.83217812,53712576
249,27/12/2013,27.89544106,27.90241432,27.71960068,27.85559082,63023345
250,30/12/2013,27.90390968,27.90789413,27.62196541,27.63292503,49629328
251,31/12/2013,27.7021656,27.92034721,27.55322456,27.91312408,54519590
252,2/1/2014,27.7823658,27.83940125,27.60303688,27.72408295,73129082
253,3/1/2014,27.77090836,27.81897736,27.52009773,27.52184105,66917888
254,6/1/2014,27.72134399,27.86704636,27.55770683,27.82869148,71037271
255,7/1/2014,28.01997375,28.38585281,27.92433357,28.36517906,102486711
256,8/1/2014,28.54301453,28.57589149,28.22644997,28.42420959,90036218
257,9/1/2014,28.47925377,28.49868011,28.0339222,28.15048409,83692529
258,10/1/2014,28.37066078,28.37066078,27.95148087,28.14899063,86061375
259,13/1/2014,28.05658722,28.56567955,27.82495499,27.96966362,97118665
260,14/1/2014,28.34251595,28.66754723,28.09693527,28.62769508,99676216
261,15/1/2014,28.71711159,28.76717377,28.48797035,28.60826874,78300393
262,16/1/2014,28.620224,28.84015083,28.59282684,28.79755974,67608467
263,17/1/2014,28.8132515,28.90739822,28.4981823,28.65584183,108457005
264,21/1/2014,28.91486931,28.99133301,28.67501831,28.98386192,79492846
265,22/1/2014,29.05633926,29.0882206,28.86331367,29.01673889,63091600
266,23/1/2014,28.89170647,28.95372391,28.75148201,28.89419746,78256228
267,24/1/2014,28.66779518,28.73105812,27.97016144,27.99083328,156283602
268,27/1/2014,28.04737282,28.0573349,26.95571327,27.42794228,174796734
269,28/1/2014,27.65434456,28.03865433,27.64488029,27.97040939,88739375
270,29/1/2014,27.87352371,27.93902779,27.38286209,27.56966209,95552818
271,30/1/2014,28.51810646,28.70465851,28.07601357,28.27875328,204419353
272,31/1/2014,29.17439651,29.55272865,28.6707859,29.41399956,223486554
273,3/2/2014,29.3699131,29.43267822,28.19457054,28.2299366,183449044
274,4/2/2014,28.34351158,28.76717377,28.31910324,28.3477459,112897588
275,5/2/2014,28.47775841,28.66181755,28.09519196,28.47327423,96139007
276,6/2/2014,28.6707859,28.89569283,28.58161926,28.89071083,78155853
277,7/2/2014,29.08174324,29.33753586,28.90565491,29.32607841,105843245
278,10/2/2014,29.1856041,29.44961548,29.11636543,29.21375084,78099643
279,11/2/2014,29.39407349,29.68548203,29.19581795,29.64338875,82339476
280,12/2/2014,29.61399841,29.63890648,29.4242115,29.55646515,69238554
281,13/2/2014,29.40851974,29.88548279,29.38137054,29.88548279,73731331
282,14/2/2014,29.77863121,29.99731255,29.70864487,29.95771027,87795852
283,18/2/2014,29.92309189,30.20852089,29.88797379,30.15895653,84672187
284,19/2/2014,30.01997757,30.11761284,29.82570648,29.94625473,84459392
285,20/2/2014,29.96617889,30.05957985,29.89345169,29.99033928,68287001
286,21/2/2014,30.08249283,30.13380051,29.95870781,29.98236847,74771214
287,24/2/2014,30.02147293,30.39009094,30.01499557,30.19955444,67223027
288,25/2/2014,30.28498459,30.4981842,30.14749908,30.38610458,57763704
289,26/2/2014,30.48573112,30.60727692,30.2306881,30.39034081,79585191
290,27/2/2014,30.34600639,30.4914608,30.31163406,30.36642838,50588912
291,28/2/2014,30.39457321,30.49046326,30.04289246,30.27776146,92890878
292,3/3/2014,30.05609131,30.08324051,29.69220543,29.95497131,84507572
293,4/3/2014,30.26157188,30.28647995,30.12458611,30.25933075,58928052
294,5/3/2014,30.26281738,30.46281815,30.17215729,30.34276772,49597208
295,6/3/2014,30.44289207,30.53928185,30.35123634,30.37639236,50914126
296,7/3/2014,30.55547142,30.56020355,30.17290497,30.25634193,60831159
297,10/3/2014,30.2787571,30.32732582,29.98984146,30.17614174,48766105
298,11/3/2014,30.23093605,30.24463654,29.80428505,29.88772392,68776830
299,12/3/2014,29.79830933,30.08349037,29.49419975,30.06979179,78866507
300,13/3/2014,30.08597946,30.14949226,29.50839424,29.61549377,94175675
301,14/3/2014,29.43940353,29.66057587,29.20378685,29.21051216,92099924
302,17/3/2014,29.37116051,29.81499672,29.34276581,29.69120979,86808163
303,18/3/2014,29.75522041,30.1751461,29.71512032,30.16842079,72872123
304,19/3/2014,30.18187141,30.18660355,29.74874306,29.86929321,64757822
305,20/3/2014,29.88672638,30.12732506,29.77240562,29.81723785,67640587
306,21/3/2014,30.04513359,30.12782478,29.45086098,29.46555519,128821050
307,24/3/2014,29.49419975,29.51188278,28.54176712,28.84015083,121939352
308,25/3/2014,29.04114723,29.13678741,28.56792068,28.85982513,96769361
309,26/3/2014,28.94176865,29.17987633,28.1818676,28.19357491,103586819
310,27/3/2014,28.32224083,28.32224083,27.57030678,27.84654617,262719
311,28/3/2014,27.98317146,28.24395561,27.85701942,27.92283821,824257
312,31/3/2014,28.26689339,28.27237892,27.77025795,27.77225113,216593
313,1/4/2014,27.8590126,28.34468079,27.8590126,28.28035545,158434
314,2/4/2014,29.91736221,30.15869904,28.03253746,28.27237892,2942055
315,3/4/2014,28.41448784,29.28360176,28.12927055,28.4090023,101983228
316,4/4/2014,28.65383148,28.80940437,27.07566452,27.08264542,127386783
317,7/4/2014,26.96297264,27.34891319,26.28533363,26.83382797,88033033
318,8/4/2014,27.05571938,27.67402077,27.00635338,27.66903496,63024560
319,9/4/2014,27.90438843,28.19110107,27.57180214,28.12977028,66616395
320,10/4/2014,28.17265129,28.17265129,26.92108727,26.97344398,80737057
321,11/4/2014,26.55459404,26.92607307,26.25441742,26.45736122,78496923
322,14/4/2014,26.83881378,27.13051224,26.40550423,26.55309868,51501009
323,15/4/2014,26.76750946,26.84878731,25.85202217,26.74856186,77101101
324,16/4/2014,27.07566452,27.77374649,26.92607307,27.75081062,97865955
325,17/4/2014,27.36536789,27.39977455,26.48478508,26.73160744,136190888
326,21/4/2014,26.73160744,26.76152611,26.20804596,26.35863113,51334553
327,22/4/2014,26.35963058,26.78795433,26.30328369,26.66728592,47307527
328,23/4/2014,26.61642456,26.62041473,26.24045753,26.27486229,41046384
329,24/4/2014,26.43093491,26.50971794,26.0345211,26.18610573,37663121
330,25/4/2014,26.05396843,26.16316986,25.70043945,25.73833466,42007014
331,28/4/2014,25.78819847,25.85900307,25.07116699,25.78670311,66710653
332,29/4/2014,25.77423668,26.40051651,25.74531555,26.31275749,53981801
333,30/4/2014,26.30777168,26.32771683,26.05446625,26.2609005,35023895
334,1/5/2014,26.28333855,26.57354164,26.12228012,26.49475861,38110345
335,2/5/2014,26.6149292,26.6268959,26.20854378,26.32422638,33770463
336,5/5/2014,26.16915321,26.37259483,25.99463272,26.31824303,20482080
337,6/5/2014,26.18959618,26.26837921,25.6824894,25.68647766,33780490
338,7/5/2014,25.71888924,25.76326752,25.09609985,25.42818642,64486563
339,8/5/2014,25.35339165,25.79069138,25.2531662,25.48004532,40426688
340,9/5/2014,25.46757889,25.92382622,25.14097595,25.86548615,48789585
341,12/5/2014,26.10383224,26.43691635,25.87944794,26.42345428,38250730
342,13/5/2014,26.47182274,26.73011208,26.40301132,26.58152008,33068541
343,14/5/2014,26.57703209,26.57703209,26.19258881,26.26040268,23835261
344,15/5/2014,26.21303177,26.22150993,25.80016518,25.92781448,34087331
345,16/5/2014,25.99812126,26.01856613,25.701437,25.96022606,29705333
346,19/5/2014,25.9138546,26.41647339,25.80829239,26.37059975,25555972
347,20/5/2014,26.4144783,26.73809052,26.24295044,26.41597557,35695734
348,21/5/2014,26.57204628,26.88533592,26.52268219,26.87322044,23925508
349,22/5/2014,26.98241997,27.30503464,26.96496773,27.17838287,32316482
350,23/5/2014,27.28808022,27.60620689,27.11056709,27.55933571,38643806
351,27/5/2014,27.72388458,28.22251511,27.64160919,28.2200222,42083223
352,28/5/2014,28.15121078,28.31426239,27.97319984,28.00710678,33040464
353,29/5/2014,28.09037781,28.12278938,27.8590126,27.9273262,27082150
354,30/5/2014,27.96322632,27.99065208,27.71939659,27.9178524,35422988
355,2/6/2014,27.95824051,27.96821213,27.21179008,27.6206665,28700582
356,3/6/2014,27.4740696,27.54138565,27.05322456,27.17239761,37332215
357,4/6/2014,27.00086975,27.35539627,26.86374664,27.15843773,36329469
358,5/6/2014,27.2451973,27.67152786,27.14796448,27.61917114,33782496
359,6/6/2014,27.82660294,27.82660294,27.37135124,27.74033928,34735104
360,9/6/2014,27.78122711,28.06793976,27.72587967,28.0290451,29350361
361,10/6/2014,27.94876671,28.10284424,27.8186245,27.9507618,27034019
362,11/6/2014,27.82361031,27.91735268,27.67501831,27.86549568,22002242
363,12/6/2014,27.78870583,27.82311249,27.34791565,27.49202156,29169867
364,13/6/2014,27.53739548,27.53939056,27.20331383,27.51246452,24410836
365,16/6/2014,27.38780785,27.4057579,27.00186539,27.13948822,34051232
366,17/6/2014,27.13549805,27.19134521,26.89266586,27.07616234,28891103
367,18/6/2014,27.16840935,27.60221863,27.12552643,27.59274483,34835379
368,19/6/2014,27.63612556,27.67402077,27.35040855,27.66903496,49136535
369,20/6/2014,27.76626778,27.80266762,27.44425201,27.74183464,90166875
370,23/6/2014,27.68149948,28.17265129,27.63662338,28.17015839,30736155
371,24/6/2014,28.18212509,28.55390549,27.97369766,28.15370369,44142862
372,25/6/2014,28.18561554,28.9186039,28.18362236,28.85328293,39387843
373,26/6/2014,28.9704628,29.04276276,28.51421356,28.72114563,34839390
374,27/6/2014,28.77998543,28.91411591,28.61144638,28.78297615,44738493
375,30/6/2014,28.85378265,28.89915657,28.65881729,28.68524551,26275943
376,1/7/2014,28.83682823,29.13999557,28.75355721,29.05373383,28959290
377,2/7/2014,29.08764076,29.19185448,28.9400444,29.03702927,21127848
378,3/7/2014,29.08764076,29.17041206,28.96647263,29.15645027,14283107
379,7/7/2014,29.10808372,29.24121857,28.90015411,29.03278923,21292298
380,8/7/2014,28.80391884,28.8970623,28.22924614,28.47631836,38190565
381,9/7/2014,28.5007515,28.75704765,28.39085388,28.7251358,22335153
382,10/7/2014,28.21802711,28.75056458,28.17315102,28.47681618,27134293
383,11/7/2014,28.51720619,28.96298218,28.49277306,28.87971115,32434806
384,14/7/2014,29.05024338,29.18038559,28.82236862,29.16343117,37081529
385,15/7/2014,29.20681381,29.2100544,28.74906921,29.15894318,32460877
386,16/7/2014,29.31950378,29.33944893,29.03029633,29.0532341,27942506
387,17/7/2014,28.89716339,28.96996307,28.35265732,28.60795784,60331186
388,18/7/2014,29.56881905,29.75829887,29.02032471,29.67253494,80283816
389,21/7/2014,29.50649071,29.6386261,29.18153191,29.39280128,41242922
390,22/7/2014,29.45513153,29.90040779,29.44914627,29.65558052,33983045
391,23/7/2014,29.58028793,29.81065559,29.54388618,29.71741104,24663528
392,24/7/2014,29.74084663,29.89292908,29.50748634,29.58627129,20702684
393,25/7/2014,29.43917465,29.51197433,29.27113533,29.37036324,18649061
394,28/7/2014,29.32299423,29.54388618,29.1575985,29.44914627,19736037
395,29/7/2014,29.35690117,29.40427017,29.09586716,29.20033073,26997920
396,30/7/2014,29.24720192,29.39429855,29.12005043,29.29058266,20329662
397,31/7/2014,28.95051575,29.10259819,28.42196655,28.50174713,42055146
398,1/8/2014,28.4419136,28.71915245,28.06544685,28.22600555,39105069
399,4/8/2014,28.37409973,28.68873405,28.12777519,28.57903671,28546159
400,5/8/2014,28.42446136,28.52069664,28.05347824,28.17614174,31024946
401,6/8/2014,28.01209259,28.45687294,27.92333603,28.24116325,26687069
402,7/8/2014,28.32224083,28.41648293,27.97818565,28.09087563,22218835
403,8/8/2014,28.10084915,28.43443298,27.94078827,28.36063576,29895854
404,11/8/2014,28.42146873,28.44639969,28.22251511,28.31625748,24294518
405,12/8/2014,28.14871788,28.2175293,27.96721649,28.0594635,30840441
406,13/8/2014,28.28783607,28.67128372,28.21004868,28.66031265,28784812
407,14/8/2014,28.73012161,28.81588554,28.46584702,28.65383148,19709966
408,15/8/2014,28.81389046,28.88968277,28.44789505,28.59549141,30383189
409,18/8/2014,28.72663116,29.14548111,28.72114563,29.02830315,25682318
410,19/8/2014,29.16991425,29.28659439,29.12005043,29.26265907,19573592
411,20/8/2014,29.21379471,29.25468063,29.04874611,29.14448357,20734771
412,21/8/2014,29.11107635,29.14498138,28.97744179,29.0886364,18296094
413,22/8/2014,29.09960747,29.18168259,28.95251083,29.04824829,15781209
414,25/8/2014,29.15595245,29.16991425,28.87073517,28.9305706,27228551
415,26/8/2014,28.98342514,29.01035118,28.75006676,28.81389046,32793789
416,27/8/2014,28.78447151,28.84530449,28.42710304,28.47183037,34067276
417,28/8/2014,28.40002823,28.58402252,28.27736473,28.38207626,25858801
418,29/8/2014,28.48828506,28.52368736,28.27581978,28.50174713,21675347
419,2/9/2014,28.51421356,28.8123951,28.48130417,28.78746414,31568434
420,3/9/2014,28.92059708,29.0696888,28.67128372,28.81788063,24302540
421,4/9/2014,28.92059708,29.21977615,28.88170433,29.01932716,29163850
422,5/9/2014,29.11905479,29.24720192,29.0178318,29.22376633,32647388
423,8/9/2014,29.24969482,29.50748634,29.23473549,29.40526772,28620362
424,9/9/2014,29.36437988,29.36936569,28.92059708,28.97096062,25744488
425,10/9/2014,28.99539375,29.09511948,28.76801682,29.07517433,19547521
426,11/9/2014,28.93854904,29.01085091,28.73410988,28.98791313,24420864
427,12/9/2014,28.9704628,29.00237465,28.64435768,28.70219803,32033708
428,15/9/2014,28.56856537,28.66879082,28.33271217,28.57654381,31951483
429,16/9/2014,28.55958939,28.99539375,28.55460358,28.91810417,29607064
430,17/9/2014,28.9210968,29.29556847,28.85951614,29.15844536,33856699
431,18/9/2014,29.26963997,29.39629173,29.16991425,29.38282967,28891103
432,19/9/2014,29.49402428,29.742342,29.39429855,29.72239685,74732617
433,22/9/2014,29.60970688,29.61613846,29.09312439,29.28808975,33790518
434,23/9/2014,29.26216125,29.26216125,28.9704628,28.97694397,29428575
435,24/9/2014,28.99339867,29.40077972,28.94652748,29.31900406,34562632
436,25/9/2014,29.29706573,29.31850624,28.63039589,28.67427444,38519466
437,26/9/2014,28.72413826,28.8832016,28.6543293,28.77599525,28873054
438,29/9/2014,28.50922775,28.83034515,28.48030663,28.7390976,25648224
439,30/9/2014,28.767519,28.91311836,28.56407738,28.7889595,32434806
440,1/10/2014,28.72164536,28.79993057,28.27287674,28.3357048,28909153
441,2/10/2014,28.28783607,28.51720619,28.08888245,28.42595673,23568530
442,3/10/2014,28.5740509,28.78222847,28.54662514,28.68524551,22834521
443,6/10/2014,28.86076355,28.9704628,28.64336014,28.78846169,24292512
444,7/10/2014,28.64136505,28.68474579,28.10982323,28.10982323,38226664
445,8/10/2014,28.2010746,28.61543655,27.79817963,28.54662514,39817018
446,9/10/2014,28.48080635,28.4962635,27.87646484,27.96721649,50496258
447,10/10/2014,27.80964851,28.17913437,27.12801933,27.14995956,61638766
448,13/10/2014,27.17489052,27.39977455,26.58201981,26.58750343,51633371
449,14/10/2014,26.87122536,27.28458977,26.58550835,26.82335663,44451708
450,15/10/2014,26.47780418,26.56706047,25.84404564,26.42893982,74387672
451,16/10/2014,25.87894821,26.39902115,25.67949677,26.15369415,74171079
452,17/10/2014,26.29031944,26.47630882,25.3568821,25.48852158,110787334
453,20/10/2014,25.40275764,26.01657295,25.33544159,25.9706974,52150788
454,21/10/2014,26.18760109,26.26738358,25.88443375,26.25491714,46725935
455,22/10/2014,26.42195892,26.91610146,26.36760712,26.56257248,58385859
456,23/10/2014,26.89216805,27.28608513,26.71914291,27.12453079,46976621
457,24/10/2014,27.14347839,27.16940689,26.71615028,26.91510582,39462046
458,27/10/2014,26.7779808,27.1459713,26.7779808,26.96446991,23706909
459,28/10/2014,27.07566452,27.37384415,27.0068531,27.36985588,25419598
460,29/10/2014,27.42470551,27.63363266,27.27411842,27.39129639,35410955
461,30/10/2014,27.37234879,27.56432152,27.10109329,27.44016266,29113713
462,31/10/2014,27.89092445,27.90189552,27.66155434,27.87746239,40701440
463,3/11/2014,27.69895363,27.8186245,27.58576393,27.68499184,27645693
464,4/11/2014,27.57429504,27.69895363,27.38980103,27.62964249,24884132
465,5/11/2014,27.76377487,27.76377487,27.12801933,27.22126389,40645286
466,6/11/2014,27.2003212,27.26938248,26.97444153,27.02779579,26665008
467,7/11/2014,27.2357235,27.2357235,26.85975647,26.97643661,32675465
468,10/11/2014,26.99887466,27.40426254,26.97693443,27.2995491,22692131
469,11/11/2014,27.34941292,27.52144051,27.24021149,27.43916512,19310873
470,12/11/2014,27.44415283,27.44764137,27.1838665,27.29057312,22593862
471,13/11/2014,27.41473389,27.41473389,27.09959793,27.19433784,26787343
472,14/11/2014,27.25915909,27.25915909,27.03327942,27.14547157,25790614
473,17/11/2014,27.10458374,27.11505508,26.62993813,26.75205231,34520517
474,18/11/2014,26.8014164,27.02280807,26.63537216,26.67825508,39253475
475,19/11/2014,26.67675972,26.83831406,26.43143272,26.77598763,27844237
476,20/11/2014,26.4897728,26.68224335,26.48129654,26.66828156,31267610
477,21/11/2014,27.00635338,27.0327816,26.75454521,26.8014164,44485801
478,24/11/2014,26.80889511,27.06070518,26.70767403,26.88967323,34127440
479,25/11/2014,26.87621117,27.12453079,26.8563652,26.97992706,35798014
480,26/11/2014,26.96995354,27.00336266,26.77857971,26.94452477,30459397
481,28/11/2014,26.95698929,27.0258007,26.7565403,27.01732445,22966883
482,1/12/2014,26.87122536,26.99638176,26.52018929,26.61692238,42307838
483,2/12/2014,26.60246277,26.70169067,26.41747093,26.61442947,30533600
484,3/12/2014,26.4992466,26.72642326,26.39054489,26.49326324,25559983
485,4/12/2014,26.48528481,26.79343987,26.35713577,26.7919426,27842232
486,5/12/2014,26.47730637,26.57154846,26.14222717,26.19109154,51312493
487,8/12/2014,26.28433609,26.47730637,26.11779404,26.27685738,46587556
488,9/12/2014,26.03551865,26.63636971,25.95374489,26.59548187,37426473
489,10/12/2014,26.58102226,26.74307632,26.20605087,26.23098373,34245764
490,11/12/2014,26.31774521,26.62290764,26.28284073,26.34467125,32216207
491,12/12/2014,26.10383224,26.35264969,25.8619957,25.8619957,39891221
492,15/12/2014,26.06543732,26.08338737,25.59323311,25.61966133,56268061
493,16/12/2014,25.5079689,25.58226395,24.38305664,24.70168114,79285081
494,17/12/2014,24.78196144,25.28059196,24.77248764,25.17538071,57663883
495,18/12/2014,25.57727814,25.62315178,25.16590691,25.48503113,58534266
496,19/12/2014,25.50547409,25.81512451,25.27615356,25.74681282,73804074
497,22/12/2014,25.73334885,26.25092888,25.73334885,26.17164612,54475152
498,23/12/2014,26.27785492,26.65481949,26.24245071,26.4568634,43952341
499,24/12/2014,26.45287323,26.51515388,26.27885056,26.36611176,14118657
500,26/12/2014,26.36611176,26.63936234,26.29331207,26.62839127,20810980
501,29/12/2014,26.53664398,26.70069313,26.42799187,26.44389725,45570772
502,30/12/2014,26.33220482,26.48478508,26.28433609,26.44838524,17525986
503,31/12/2014,26.4897728,26.55708885,26.21801758,26.24793625,27364925
504,2/1/2015,26.37807846,26.49077034,26.13325119,26.16865349,28951268
505,5/1/2015,26.09136581,26.14472008,25.58276367,25.62315178,41196796
506,6/1/2015,25.67949677,25.7380867,24.9839077,25.02928162,57998800
507,7/1/2015,25.28059196,25.29275894,24.91409874,24.9864006,41301082
508,8/1/2015,24.83132553,25.10507393,24.48278236,25.06518364,67071641
509,9/1/2015,25.16889954,25.17687607,24.67176437,24.74057579,41427428
510,12/1/2015,24.67924309,24.73090172,24.31125259,24.56007004,46535413
511,13/1/2015,24.87370872,25.08014107,24.5520916,24.74107361,47409807
512,14/1/2015,24.66478348,25.0926075,24.58250809,24.97493172,44714427
513,15/1/2015,25.20928764,25.21477318,24.81985664,25.02080536,54316718
514,16/1/2015,24.9320488,25.33992958,24.93154907,25.33444405,45965854
515,20/1/2015,25.48004532,25.55483818,25.23152733,25.27560616,44640224
516,21/1/2015,25.2930584,25.89291191,25.24070168,25.83108139,45374234
517,22/1/2015,26.00260925,26.74307632,25.9138546,26.64634132,53538588
518,23/1/2015,26.70617867,27.03427696,26.57703209,26.92358017,45634948
519,26/1/2015,26.85277557,26.87621117,26.41098976,26.68722916,30874534
520,27/1/2015,26.42594719,26.46234894,25.8385601,25.86050034,38080263
521,28/1/2015,26.0674324,26.07790375,25.4301815,25.4301815,33676205
522,29/1/2015,25.48004532,25.4845314,24.99138641,25.4630909,83727244
523,30/1/2015,25.72237968,26.9195919,25.70542526,26.6528244,112127002
524,2/2/2015,26.51370621,26.57703209,25.85651016,26.35165215,56996054
525,3/2/2015,26.32771683,26.59697723,26.09136581,26.38954735,40773638
526,4/2/2015,26.38954735,26.56067848,25.99213982,26.06643486,33273101
527,5/2/2015,26.11779404,26.35264969,26.03302574,26.30677414,36995292
528,6/2/2015,26.30976677,26.78645706,26.24843407,26.47730637,35270570
529,9/2/2015,26.32771683,26.52717018,26.22898865,26.31924057,25355423
530,10/2/2015,26.39253807,26.81138992,26.27386475,26.77349281,34997823
531,11/2/2015,26.69171715,26.84878731,26.59588051,26.72512627,27555446
532,12/2/2015,26.78895187,27.16641426,26.6604538,27.07217216,32404724
533,13/2/2015,27.09311676,27.42021751,27.08214569,27.37534142,38006060
534,17/2/2015,27.26663971,27.42470551,26.98042488,27.06768608,32336537
535,18/2/2015,26.99588394,27.19982338,26.80191422,26.91111565,29061570
536,19/2/2015,26.82834244,27.08114815,26.82684708,27.06918144,19782163
537,20/2/2015,27.08214569,27.1130619,26.7166481,26.87371826,28887092
538,23/2/2015,26.72911453,26.74851227,26.39802361,26.52268219,29157834
539,24/2/2015,26.42744255,26.7660141,26.34018326,26.73110962,20101036
540,25/2/2015,26.72163582,27.23622322,26.69894791,27.11904526,36519991
541,26/2/2015,27.08613586,27.73086548,27.00086975,27.69795418,46230579
542,27/2/2015,27.63612556,28.15819168,27.56930733,27.84355545,48203982
543,2/3/2015,27.94976425,28.5291729,27.86100769,28.48878479,42592618
544,3/3/2015,28.44440651,28.69072914,28.2484436,28.60346985,34095352
545,4/3/2015,28.51521111,28.77649307,28.32274055,28.59000587,37536775
546,5/3/2015,28.67227936,28.81638527,28.59200096,28.68773842,27792094
547,6/3/2015,28.66529846,28.75505257,28.26041031,28.30653381,33182854
548,9/3/2015,28.26539612,28.43543053,28.09960365,28.36462593,21242161
549,10/3/2015,28.13525581,28.16517258,27.6605587,27.67452049,35846146
550,11/3/2015,27.68100166,27.8305912,27.45861244,27.4835434,36415706
551,12/3/2015,27.59972572,27.74233246,27.44764137,27.69945145,27792094
552,13/3/2015,27.599226,27.84355545,27.1364975,27.29107285,34071287
553,16/3/2015,27.47207451,27.76626778,27.22525215,27.64958763,32819860
554,17/3/2015,27.50997162,27.61418533,27.32497978,27.46659088,36110871
555,18/3/2015,27.54936218,27.91236687,27.27511597,27.89840508,42690887
556,19/3/2015,27.89291954,27.96322632,27.73111343,27.82311249,23945563
557,20/3/2015,28.00561142,28.00910187,27.87596703,27.94128609,52337299
558,23/3/2015,27.94477844,28.04101372,27.71540642,27.86399841,32876014
559,24/3/2015,28.05098534,28.65083885,27.98367119,28.43144035,51665459
560,25/3/2015,28.44689941,28.53465843,27.86050987,27.86275291,43045859
561,26/3/2015,27.80316544,27.8684864,27.45711517,27.68249893,31452115
562,27/3/2015,27.57429504,27.68798256,27.33146095,27.3419323,37949906
563,30/3/2015,27.50548363,27.59773064,27.33345604,27.5259285,25750504
564,31/3/2015,27.42470551,27.65956116,27.26115417,27.32497978,31760961
565,1/4/2015,27.35489655,27.48154831,26.90114212,27.05372429,39261497
566,2/4/2015,26.96845818,26.96845818,26.61926651,26.70318604,34327989
567,6/4/2015,26.53813934,26.84679222,26.40600204,26.76476669,26488525
568,7/4/2015,26.83033752,27.06020546,26.72662163,26.77748108,26057345
569,8/4/2015,26.84529686,27.11804771,26.84529686,27.00635338,23570536
570,9/4/2015,26.97743225,27.0233078,26.70119286,26.96496773,31157308
571,10/4/2015,27.04026031,27.04026031,26.7919426,26.9265728,28189181
572,13/4/2015,26.84679222,27.12851906,26.7919426,26.88468742,32906096
573,14/4/2015,26.73908806,26.80490685,26.33230591,26.44688988,52082601
574,15/4/2015,26.36262131,26.66329575,26.08937263,26.5535965,46376979
575,16/4/2015,26.42245674,26.70617867,26.40799713,26.61692238,25997180
576,17/4/2015,26.36062622,26.41946411,25.97917366,26.13075829,43037837
577,20/4/2015,26.20804596,26.73110962,26.15319633,26.69570732,33585958
578,21/4/2015,26.80191422,26.89565849,26.61068916,26.62540054,36895018
579,22/4/2015,26.64684105,26.97992706,26.51470375,26.89441109,31871263
580,23/4/2015,26.9759388,27.47257423,26.93754387,27.27511597,83697161
581,24/4/2015,28.22750092,28.47881126,27.78621292,28.17564392,98650102
582,27/4/2015,28.16950035,28.29750061,27.65999985,27.76849937,47960000
583,28/4/2015,27.73200035,27.8010006,27.5182991,27.68400002,29820000
584,29/4/2015,27.52350044,27.68400002,27.34524918,27.45400047,33976000
585,30/4/2015,27.39349937,27.42950058,26.75250053,26.86700058,41644000
586,1/5/2015,26.92149925,26.97699928,26.60499954,26.89500046,35364000
587,4/5/2015,26.92650032,27.20350075,26.75300026,27.03899956,26160000
588,5/5/2015,26.91049957,26.98699951,26.51955032,26.54000092,27662000
589,6/5/2015,26.56200027,26.61899948,26.05425072,26.21100044,31340000
590,7/5/2015,26.19949913,26.67300034,26.08749962,26.53499985,30926000
591,8/5/2015,26.83250046,27.05750084,26.25,26.9109993,30552000
592,11/5/2015,26.9185009,27.09900093,26.77000046,26.78499985,18106000
593,12/5/2015,26.57999992,26.66044998,26.26300049,26.45199966,32684000
594,13/5/2015,26.52799988,26.71610069,26.4327507,26.4810009,25046000
595,14/5/2015,26.68849945,26.95000076,26.62050056,26.92000008,28078000
596,15/5/2015,26.95899963,26.96369934,26.5189991,26.69249916,39426000
597,18/5/2015,26.60050011,26.74099922,26.44249916,26.61499977,40068000
598,19/5/2015,26.6989994,27.03300095,26.65200043,26.86800003,39338000
599,20/5/2015,26.92449951,27.14599991,26.64859962,26.96349907,28616000
600,21/5/2015,26.89749908,27.19199944,26.79899979,27.12549973,29254000
601,22/5/2015,27.00749969,27.20949936,26.97550011,27.00550079,23524000
602,26/5/2015,26.90600014,26.95000076,26.49399948,26.61599922,48130000
603,27/5/2015,26.63999939,27.02750015,26.58550072,26.98950005,30500000
604,28/5/2015,26.90049934,27.03050041,26.8125,26.98900032,20596000
605,29/5/2015,26.86849976,26.93149948,26.57250023,26.60549927,51948000
606,1/6/2015,26.83950043,26.83950043,26.48800087,26.69949913,38086000
607,2/6/2015,26.64649963,27.14999962,26.56649971,26.95899963,38780000
608,3/6/2015,26.99550056,27.17499924,26.85549927,27.01549911,34340000
609,4/6/2015,26.88800049,27.02949905,26.7159996,26.83499908,26966000
610,5/6/2015,26.81749916,26.86000061,26.62599945,26.66650009,27764000
611,8/6/2015,26.66550064,26.70599937,26.31200027,26.34149933,30412000
612,9/6/2015,26.37800026,26.45999908,26.15049934,26.33449936,29106000
613,10/6/2015,26.46800041,26.91799927,26.46750069,26.83449936,36300000
614,11/6/2015,26.92124939,26.9489994,26.65099907,26.73049927,24350000
615,12/6/2015,26.57999992,26.65600014,26.50799942,26.61650085,19116000
616,15/6/2015,26.39999962,26.41500092,26.20000076,26.36000061,32654000
617,16/6/2015,26.42000008,26.48200035,26.27799988,26.40749931,21436000
618,17/6/2015,26.46850014,26.54899979,26.25499916,26.46299934,25884000
619,18/6/2015,26.54999924,26.90749931,26.53949928,26.83650017,36662000
620,19/6/2015,26.86050034,26.91250038,26.65049934,26.83449936,37870000
621,22/6/2015,26.97949982,27.18700027,26.87649918,26.90950012,25006000
622,23/6/2015,26.98200035,27.07494926,26.76250076,27.02400017,23950000
623,24/6/2015,27,27,26.78300095,26.8920002,25732000
624,25/6/2015,26.94350052,27.04500008,26.7614994,26.7614994,26714000
625,26/6/2015,26.86300087,26.88800049,26.56749916,26.58449936,42182000
626,29/6/2015,26.25049973,26.43050003,26.02700043,26.07600021,38756000
627,30/6/2015,26.3010006,26.3125,26.02499962,26.02549934,44344000
628,1/7/2015,26.23649979,26.28450012,25.91150093,26.09199905,39220000
629,2/7/2015,26.05400085,26.23250008,26.05400085,26.17000008,24718000
630,6/7/2015,25.97500038,26.26250076,25.95000076,26.14299965,25610000
631,7/7/2015,26.15649986,26.30900002,25.75900078,26.25099945,31944000
632,8/7/2015,26.05249977,26.13669968,25.80550003,25.84149933,25934000
633,9/7/2015,26.15600014,26.18849945,26.01749992,26.0340004,36846000
634,10/7/2015,26.31450081,26.62800026,26.27750015,26.50650024,39134000
635,13/7/2015,26.6439991,27.35549927,26.62000084,27.32749939,44130000
636,14/7/2015,27.33799934,28.29244995,27.33550072,28.05500031,64882000
637,15/7/2015,28.00650024,28.32514954,27.83950043,28.01099968,35692000
638,16/7/2015,28.25600052,29.0340004,28.25,28.99250031,95366000
639,17/7/2015,32.45000076,33.72340012,32.25,33.64649963,223298000
640,20/7/2015,32.9620018,33.44400024,32.65050125,33.15100098,117218000
641,21/7/2015,32.76050186,33.65000153,32.71500015,33.11500168,67544000
642,22/7/2015,33.04449844,33.93199921,32.95000076,33.10499954,78586000
643,23/7/2015,33.06349945,33.18149948,32.04999924,32.2140007,60582000
644,24/7/2015,32.34999847,32.40850067,31.12599945,31.1779995,72514000
645,27/7/2015,31.04999924,31.71500015,31.02499962,31.36300087,53508000
646,28/7/2015,31.64150047,31.64150047,31.16550064,31.39999962,34546000
647,29/7/2015,31.44000053,31.66799927,31.13249969,31.5965004,31502000
648,30/7/2015,31.5,31.76099968,31.10250092,31.62949944,29484000
649,31/7/2015,31.56900024,31.64550018,31.27499962,31.28050041,34122000
650,3/8/2015,31.2670002,31.65279961,31.2670002,31.56049919,26090000
651,4/8/2015,31.42099953,31.7404995,31.3579998,31.46249962,29818000
652,5/8/2015,31.71649933,32.39300156,31.65800095,32.18899918,46686000
653,6/8/2015,32.25,32.26895142,31.61249924,32.13399887,31452000
654,7/8/2015,32.01150131,32.13399887,31.48550034,31.76499939,28078000
655,10/8/2015,31.97400093,32.17200089,31.56245041,31.68650055,36184000
656,11/8/2015,33.45999908,33.74499893,32.71350098,33.03900146,100584000
657,12/8/2015,33.15399933,33.25,32.61449814,32.97800064,58734000
658,13/8/2015,32.96609879,33.22499847,32.58304977,32.82249832,36214000
659,14/8/2015,32.75049973,32.99274826,32.63299942,32.85599899,21442000
660,17/8/2015,32.84000015,33.06900024,32.56200027,33.04349899,21034000
661,18/8/2015,33.09500122,33.20000076,32.67300034,32.80649948,29122000
662,19/8/2015,32.83000183,33.34999847,32.70949936,33.04499817,42682000
663,20/8/2015,32.77299881,33.1495018,32.14500046,32.34149933,57106000
664,21/8/2015,31.98900032,32.00249863,30.61650085,30.62400055,85304000
665,24/8/2015,28.64999962,29.96649933,28.25250053,29.48049927,115406000
666,25/8/2015,30.74550056,30.87249947,29.05550003,29.10300064,70760000
667,26/8/2015,30.51749992,31.58550072,29.95249939,31.43099976,84718000
668,27/8/2015,31.96999931,32.17950058,31.10000038,31.88050079,69826000
669,28/8/2015,31.64100075,31.84399986,31.22800064,31.5189991,39574000
670,31/8/2015,31.37700081,31.79000092,30.88400078,30.91250038,43534000
671,1/9/2015,30.11800003,30.64299965,29.70499992,29.88949966,74042000
672,2/9/2015,30.27949905,30.71699905,29.98550034,30.71699905,51512000
673,3/9/2015,30.85000038,30.98550034,30.14105034,30.3125,35192000
674,4/9/2015,30,30.17350006,29.76250076,30.03499985,41780000
675,8/9/2015,30.62450027,30.81550026,30.20599937,30.7329998,45590000
676,9/9/2015,31.06100082,31.32600021,30.47999954,30.63599968,34042000
677,10/9/2015,30.65500069,31.20800018,30.57150078,31.06749916,38106000
678,11/9/2015,30.98749924,31.28899956,30.87100029,31.28849983,27470000
679,14/9/2015,31.28499985,31.29299927,30.9715004,31.16200066,34046000
680,15/9/2015,31.33499908,31.93499947,31.18899918,31.75699997,41688000
681,16/9/2015,31.77350044,31.89749908,31.61599922,31.79899979,25730000
682,17/9/2015,31.88949966,32.54499817,31.75099945,32.14500046,45494000
683,18/9/2015,31.83950043,32,31.35099983,31.46249962,102668000
684,21/9/2015,31.71999931,31.82449913,31.29700089,31.77199936,35770000
685,22/9/2015,31.35000038,31.37750053,30.77149963,31.1345005,51258000
686,23/9/2015,31.10250092,31.44650078,31,31.11800003,29418000
687,24/9/2015,30.83200073,31.36599922,30.62000084,31.29000092,44802000
688,25/9/2015,31.4885006,31.4885006,30.54999924,30.5984993,43480000
689,28/9/2015,30.5170002,30.7302494,29.46899986,29.74449921,62554000
690,29/9/2015,29.86400032,30.25,29.51099968,29.74850082,46190000
691,30/9/2015,30.16399956,30.43799973,30.03650093,30.42099953,48268000
692,1/10/2015,30.4185009,30.60449982,29.99250031,30.56450081,37352000
693,2/10/2015,30.36000061,31.36700058,30.15649986,31.34550095,53696000
694,5/10/2015,31.60000038,32.15050125,31.35000038,32.07350159,36072000
695,6/10/2015,31.94199944,32.46250153,31.82649994,32.27199936,43326000
696,7/10/2015,32.4620018,32.53044891,31.60750008,32.11800003,41854000
697,8/10/2015,32.06800079,32.22249985,31.27799988,31.95800018,43642000
698,9/10/2015,32,32.29949951,31.76589966,32.18050003,32974000
699,12/10/2015,32.10449982,32.42499924,31.95050049,32.33349991,25504000
700,13/10/2015,32.15750122,32.8905983,32.15750122,32.61500168,36154000
701,14/10/2015,32.66049957,32.9695015,32.44250107,32.55799866,28310000
702,15/10/2015,32.73300171,33.15650177,32.72299957,33.0870018,37714000
703,16/10/2015,33.20550156,33.24850082,32.86000061,33.11000061,32222000
704,19/10/2015,33.05899811,33.3409996,32.97900009,33.30500031,29546000
705,20/10/2015,33.20199966,33.23600006,32.20975113,32.51399994,49964000
706,21/10/2015,32.70750046,32.79349899,32.08649826,32.13050079,35822000
707,22/10/2015,32.33499908,32.88999939,32.20050049,32.58950043,81420000
708,23/10/2015,36.375,36.5,35.07500076,35.09999847,133078000
709,26/10/2015,35.07749939,35.95750046,35.06299973,35.63899994,54332000
710,27/10/2015,35.36899948,35.68099976,35.22750092,35.42449951,44916000
711,28/10/2015,35.36650085,35.64899826,35.15399933,35.64749908,43578000
712,29/10/2015,35.52500153,35.9129982,35.50049973,35.84600067,29120000
713,30/10/2015,35.78649902,35.90000153,35.50249863,35.54050064,38176000
714,2/11/2015,35.5530014,36.08100128,35.29249954,36.05550003,37726000
715,3/11/2015,35.94300079,36.23249817,35.73600006,36.10800171,31308000
716,4/11/2015,36.09999847,36.65499878,36.09500122,36.4054985,34134000
717,5/11/2015,36.4734993,36.97399902,36.4734993,36.5625,37232000
718,6/11/2015,36.57500076,36.77050018,36.3504982,36.68799973,30232000
719,9/11/2015,36.50999832,36.73550034,35.9715004,36.24449921,41396000
720,10/11/2015,36.22000122,36.52949905,35.92499924,36.41600037,32160000
721,11/11/2015,36.6230011,37.04999924,36.51150131,36.77000046,27328000
722,12/11/2015,36.54999924,36.88999939,36.43225098,36.56150055,36744000
723,13/11/2015,36.45849991,36.55749893,35.83649826,35.84999847,41510000
724,16/11/2015,35.77999878,36.47449875,35.56650162,36.44800186,38118000
725,17/11/2015,36.46450043,36.59225082,36.15134811,36.26499939,30218000
726,18/11/2015,36.37900162,37.07049942,36.34999847,37,33686000
727,19/11/2015,36.93700027,37.09999847,36.87149811,36.92050171,26542000
728,20/11/2015,37.32649994,37.89599991,37.15000153,37.83000183,44246000
729,23/11/2015,37.87250137,38.13539886,37.5909996,37.79899979,28290000
730,24/11/2015,37.59999847,37.76395035,36.88150024,37.41400146,46662000
731,25/11/2015,37.4070015,37.59999847,37.3030014,37.40750122,22442000
732,27/11/2015,37.42300034,37.67050171,37.37450027,37.51300049,16770000
733,30/11/2015,37.44049835,37.74649811,37.06349945,37.13000107,41952000
734,1/12/2015,37.35549927,38.44749832,37.33499908,38.35200119,42692000
735,2/12/2015,38.44499969,38.79774857,37.94800186,38.11899948,44608000
736,3/12/2015,38.30049896,38.44974899,37.28150177,37.6269989,51812000
737,4/12/2015,37.65499878,38.42449951,37.5,38.34049988,55146000
738,7/12/2015,38.38850021,38.43650055,37.75450134,38.16249847,36246000
739,8/12/2015,37.89450073,38.24000168,37.70999908,38.11849976,36590000
740,9/12/2015,37.95849991,38.21149826,36.85005188,37.58050156,54000000
741,10/12/2015,37.64250183,37.79249954,37.19150162,37.47299957,39768000
742,11/12/2015,37.05799866,37.28549957,36.83750153,36.94350052,44488000
743,14/12/2015,37.08950043,37.43650055,36.20849991,37.38850021,48250000
744,15/12/2015,37.65000153,37.90399933,37.15050125,37.16999817,53324000
745,16/12/2015,37.5,38.02949905,36.97174835,37.90449905,39866000
746,17/12/2015,38.12099838,38.13399887,37.45000076,37.4715004,31068000
747,18/12/2015,37.32550049,37.70650101,36.90750122,36.96549988,62974000
748,21/12/2015,37.30649948,37.5,37,37.38850021,30514000
749,22/12/2015,37.58250046,37.74250031,37.2765007,37.5,27308000
750,23/12/2015,37.67350006,37.71049881,37.20000076,37.51549911,31318000
751,24/12/2015,37.47750092,37.56750107,37.33100128,37.41999817,10544000
752,28/12/2015,37.64599991,38.1495018,37.47600174,38.12549973,30306000
753,29/12/2015,38.33449936,38.99900055,38.32149887,38.83000183,35300000
754,30/12/2015,38.83000183,38.88000107,38.34500122,38.54999924,25866000
755,31/12/2015,38.47499847,38.47499847,37.91699982,37.94400024,30018000
756,4/1/2016,37.15000153,37.20299911,36.56290054,37.09199905,65456000
757,5/1/2016,37.32249832,37.59999847,36.93199921,37.12900162,39014000
758,6/1/2016,36.5,37.35900116,36.44599915,37.18099976,38940000
759,7/1/2016,36.51549911,36.92499924,35.95299911,36.31949997,59274000
760,8/1/2016,36.57249832,36.66149902,35.65000153,35.7234993,49018000
761,11/1/2016,35.83050156,35.94274902,35.17699814,35.80149841,41812000
762,12/1/2016,36.08399963,36.4375,35.86584854,36.30350113,40490000
763,13/1/2016,36.54249954,36.73699951,34.93050003,35.02799988,50034000
764,14/1/2016,35.26900101,36.09624863,34.45500183,35.73600006,44516000
765,15/1/2016,34.61449814,35.3370018,34.26850128,34.72249985,72162000
766,19/1/2016,35.16500092,35.49900055,34.67050171,35.08950043,45362000
767,20/1/2016,34.43050003,35.34249878,33.6629982,34.92250061,68900000
768,21/1/2016,35.10900116,35.95949936,34.72299957,35.32949829,48244000
769,22/1/2016,36.18000031,36.40650177,36.00605011,36.26250076,40236000
770,25/1/2016,36.17900085,36.48400116,35.50049973,35.58349991,34234000
771,26/1/2016,35.69250107,35.91400146,35.32400131,35.65200043,26634000
772,27/1/2016,35.68349838,35.91175079,34.7195015,34.99950027,43884000
773,28/1/2016,36.11100006,36.68450165,35.61750031,36.54800034,53528000
774,29/1/2016,36.57649994,37.24950027,36.34000015,37.14749908,69486000
775,1/2/2016,37.52299881,37.89300156,37.16350174,37.59999847,102784000
776,2/2/2016,39.22499847,39.49349976,38.23249817,38.23249817,126962000
777,3/2/2016,38.51100159,38.72499847,36.02500153,36.34749985,123420000
778,4/2/2016,36.14049911,36.34999847,35.0929985,35.40050125,103374000
779,5/2/2016,35.19350052,35.19950104,34.00749969,34.17850113,102114000
780,8/2/2016,33.39250183,34.20149994,33.15299988,34.13700104,84948000
781,9/2/2016,33.61600113,34.99499893,33.43849945,33.9054985,72178000
782,10/2/2016,34.3429985,35.06549835,34.10649872,34.20600128,52760000
783,11/2/2016,33.75,34.46749878,33.44340134,34.1554985,60480000
784,12/2/2016,34.51300049,34.6875,33.93000031,34.11999893,42828000
785,16/2/2016,34.64899826,34.90000153,34.25249863,34.54999924,50400000
786,17/2/2016,34.90449905,35.48749924,34.56900024,35.41999817,49852000
787,18/2/2016,35.5,35.61750031,34.80149841,34.86750031,37664000
788,19/2/2016,34.75149918,35.15404892,34.70249939,35.04550171,31786000
789,22/2/2016,35.37250137,35.66199875,35.12549973,35.32300186,38996000
790,23/2/2016,35.07249832,35.41999817,34.67900085,34.79249954,40186000
791,24/2/2016,34.44599915,35,34.03900146,34.97800064,39272000
792,25/2/2016,35.00049973,35.29899979,34.5292511,35.28749847,32844000
793,26/2/2016,35.42900085,35.67150116,35.04299927,35.25350189,44870000
794,29/2/2016,35.01599884,35.54449844,34.88399887,34.88850021,49622000
795,1/3/2016,35.18099976,35.94049835,34.98849869,35.94049835,43028000
796,2/3/2016,35.95000076,36,35.59999847,35.94250107,32580000
797,3/3/2016,35.93399811,35.97249985,35.30099869,35.62099838,39160000
798,4/3/2016,35.74950027,35.82450104,35.30099869,35.54449844,39442000
799,7/3/2016,35.34500122,35.40454865,34.34500122,34.75799942,59702000
800,8/3/2016,34.42950058,35.1894989,34.26699829,34.69850159,41526000
801,9/3/2016,34.92350006,35.2840004,34.70000076,35.26200104,28430000
802,10/3/2016,35.40599823,35.8219986,35.16799927,35.64099884,56670000
803,11/3/2016,36,36.34600067,35.85625076,36.3409996,39416000
804,14/3/2016,36.34049988,36.77500153,36.25749969,36.5245018,34366000
805,15/3/2016,36.34600067,36.61449814,36.23849869,36.41650009,34420000
806,16/3/2016,36.31850052,36.87350082,36.2254982,36.80450058,32488000
807,17/3/2016,36.82249832,37.1534996,36.79999924,36.88899994,37216000
808,18/3/2016,37.0929985,37.09999847,36.59149933,36.88000107,59614000
809,21/3/2016,36.82500076,37.125,36.67580032,37.10449982,36730000
810,22/3/2016,36.8730011,37.25,36.8730011,37.03749847,25394000
811,23/3/2016,37.11800003,37.2859993,36.80749893,36.90299988,28642000
812,24/3/2016,36.6004982,36.88734818,36.54999924,36.76499939,31898000
813,28/3/2016,36.83950043,36.94950104,36.625,36.67649841,26026000
814,29/3/2016,36.72949982,37.36249924,36.43799973,37.23849869,38076000
815,30/3/2016,37.50500107,37.89400101,37.43700027,37.5265007,35648000
816,31/3/2016,37.46250153,37.54249954,37.04700089,37.24750137,34376000
817,1/4/2016,36.93000031,37.51699829,36.84999847,37.49549866,31534000
818,4/4/2016,37.50299835,37.63999939,37.12149811,37.26449966,22684000
819,5/4/2016,36.90000153,37.13999939,36.76850128,36.88999939,22646000
820,6/4/2016,36.78850174,37.31200027,36.77799988,37.28450012,21074000
821,7/4/2016,37.26850128,37.34999847,36.81399918,37.01399994,29064000
822,8/4/2016,37.19850159,37.27249908,36.77750015,36.95750046,25816000
823,11/4/2016,37.15100098,37.25,36.80250168,36.80500031,24402000
824,12/4/2016,36.90000153,37.19150162,36.55049896,37.15449905,27060000
825,13/4/2016,37.45800018,37.71900177,37.21305084,37.58599854,34142000
826,14/4/2016,37.70050049,37.8655014,37.63525009,37.65999985,22706000
827,15/4/2016,37.69900131,38.04999924,37.63470078,37.95000076,36186000
828,18/4/2016,38.02299881,38.40250015,37.86500168,38.33050156,31176000
829,19/4/2016,38.4754982,38.49499893,37.46649933,37.69649887,40610000
830,20/4/2016,37.90000153,37.90660095,37.50049973,37.63349915,30584000
831,21/4/2016,37.76900101,38.02249908,37.47750092,37.95700073,61210000
832,22/4/2016,36.31499863,36.80599976,35.68050003,35.93849945,119038000
833,25/4/2016,35.80500031,36.19649887,35.77949905,36.15750122,39184000
834,26/4/2016,36.27099991,36.28829956,35.15129852,35.4070015,54892000
835,27/4/2016,35.36449814,35.44900131,34.6182518,35.29199982,61972000
836,28/4/2016,35.4129982,35.70849991,34.47750092,34.55099869,57346000
837,29/4/2016,34.53499985,34.88100052,34.45000076,34.65050125,49754000
838,2/5/2016,34.88150024,35.0320015,34.54999924,34.91049957,32906000
839,3/5/2016,34.84349823,34.89199829,34.59999847,34.61800003,30876000
840,4/5/2016,34.5245018,34.98749924,34.45050049,34.78499985,33870000
841,5/5/2016,34.88499832,35.11600113,34.7859993,35.07149887,33670000
842,6/5/2016,34.91899872,35.5929985,34.90534973,35.55599976,36586000
843,9/5/2016,35.59999847,35.9355011,35.5,35.64500046,30206000
844,10/5/2016,35.83750153,36.17499924,35.7859993,36.1590004,31392000
845,11/5/2016,36.17050171,36.22399902,35.63999939,35.76449966,33842000
846,12/5/2016,35.85300064,35.96250153,35.45000076,35.66550064,27214000
847,13/5/2016,35.5965004,35.83309937,35.46300125,35.54150009,26290000
848,16/5/2016,35.45650101,35.92399979,35.28250122,35.82450104,26342000
849,17/5/2016,35.79949951,36.07600021,35.20550156,35.31150055,40024000
850,18/5/2016,35.18349838,35.58000183,35.03150177,35.33150101,35336000
851,19/5/2016,35.11800003,35.29999924,34.84000015,35.01599884,33404000
852,20/5/2016,35.08100128,35.72900009,35.02600098,35.48699951,36568000
853,23/5/2016,35.32649994,35.57389832,35.20899963,35.2120018,26614000
854,24/5/2016,35.3429985,36.04850006,35.3429985,36.00450134,38590000
855,25/5/2016,36.0379982,36.37549973,35.98524857,36.26350021,32584000
856,26/5/2016,36.14350128,36.41650009,36.01399994,36.20600128,31526000
857,27/5/2016,36.20050049,36.69680023,36.20000076,36.63299942,39500000
858,31/5/2016,36.5870018,36.98649979,36.56299973,36.7859993,42590000
859,1/6/2016,36.72650146,36.86050034,36.53300095,36.70750046,25072000
860,2/6/2016,36.625,36.65100098,36.20849991,36.52000046,26836000
861,3/6/2016,36.46350098,36.47449875,36.02799988,36.11700058,24526000
862,6/6/2016,36.24549866,36.24549866,35.73049927,35.82749939,31306000
863,7/6/2016,35.99200058,36.09899902,35.82749939,35.83250046,26724000
864,8/6/2016,36.19800186,36.42850113,36.02899933,36.41400146,31674000
865,9/6/2016,36.14350128,36.47700119,36.1167984,36.42900085,19778000
866,10/6/2016,35.9734993,36.29449844,35.82149887,35.97050095,24328000
867,13/6/2016,35.82550049,36.27199936,35.82550049,35.91799927,25178000
868,14/6/2016,35.82400131,36.12350082,35.65599823,35.91350174,26122000
869,15/6/2016,35.95000076,36.14899826,35.8655014,35.94599915,24290000
870,16/6/2016,35.74549866,35.83250046,35.1629982,35.51800156,39650000
871,17/6/2016,35.43249893,35.44100189,34.42259979,34.58599854,68048000
872,20/6/2016,34.93849945,35.12400055,34.67050171,34.6855011,41650000
873,21/6/2016,34.91999817,35.13850021,34.6004982,34.79700089,29312000
874,22/6/2016,34.95299911,35.04299927,34.65409851,34.8730011,23686000
875,23/6/2016,34.87250137,35.09749985,34.34999847,35.09349823,43428000
876,24/6/2016,33.75849915,34.47000122,33.67250061,33.76100159,88980000
877,27/6/2016,33.54999924,33.61500168,33.16419983,33.4129982,52580000
878,28/6/2016,33.94850159,34.01649857,33.65000153,34.0019989,43476000
879,29/6/2016,34.15000153,34.37144852,34.07049942,34.20550156,38652000
880,30/6/2016,34.27349854,34.61600113,34.18249893,34.60499954,31954000
881,1/7/2016,34.61000061,35.03250122,34.60649872,34.96049881,26894000
882,5/7/2016,34.8030014,34.84700012,34.44400024,34.74750137,29252000
883,6/7/2016,34.49900055,35.08399963,34.45449829,34.88850021,28238000
884,7/7/2016,34.90399933,34.90999985,34.41075134,34.76800156,26084000
885,8/7/2016,34.97499847,35.28549957,34.82175064,35.28150177,31504000
886,11/7/2016,35.40250015,35.82550049,35.36199951,35.75450134,22236000
887,12/7/2016,35.95600128,36.14699936,35.79550171,36.0320015,26738000
888,13/7/2016,36.18099976,36.20000076,35.84249878,35.84899902,18718000
889,14/7/2016,36.07899857,36.11050034,35.9015007,36.04750061,19004000
890,15/7/2016,36.28649902,36.28699875,35.95275116,35.99250031,25586000
891,18/7/2016,36.13550186,36.80649948,36.05950165,36.68899918,25910000
892,19/7/2016,36.49449921,36.84949875,36.45000076,36.84799957,24550000
893,20/7/2016,36.86650085,37.10649872,36.85499954,37.05950165,25794000
894,21/7/2016,37.01800156,37.08449936,36.79154968,36.93149948,20526000
895,22/7/2016,37.0929985,37.16199875,36.82799911,37.13700104,25196000
896,25/7/2016,37.03350067,37.13050079,36.875,36.98849869,20648000
897,26/7/2016,36.95199966,37.08449936,36.71350098,36.92100143,23734000
898,27/7/2016,36.91400146,37.22299957,36.84999847,37.08850098,30250000
899,28/7/2016,37.35200119,37.43249893,36.96500015,37.29550171,70604000
900,29/7/2016,38.63550186,38.92750168,38.33850098,38.4394989,76830000
901,1/8/2016,38.05450058,39.02149963,38.05450058,38.64400101,54010000
902,2/8/2016,38.43450165,38.79199982,38.39250183,38.55350113,35690000
903,3/8/2016,38.35900116,38.66049957,38.3409996,38.6590004,25748000
904,4/8/2016,38.61100006,38.70349884,38.43975067,38.58050156,22806000
905,5/8/2016,38.68899918,39.15200043,38.61700058,39.11100006,36024000
906,8/8/2016,39.09999847,39.13150024,38.90454865,39.08800125,22158000
907,9/8/2016,39.05500031,39.4469986,39.0284996,39.21300125,26378000
908,10/8/2016,39.1875,39.34059906,39.13890076,39.23400116,15728000
909,11/8/2016,39.25,39.48749924,39.14849854,39.24250031,19502000
910,12/8/2016,39.07500076,39.16975021,39.02000046,39.1609993,14810000
911,15/8/2016,39.1875,39.37450027,39.00550079,39.12200165,18764000
912,16/8/2016,39.01499939,39.04899979,38.67219925,38.85699844,20560000
913,17/8/2016,38.86600113,39.04050064,38.67649841,38.99549866,18484000
914,18/8/2016,39.00049973,39.14300156,38.84999847,38.875,14388000
915,19/8/2016,38.75,38.85499954,38.65650177,38.77099991,17230000
916,22/8/2016,38.66350174,38.72700119,38.50249863,38.60749817,19028000
917,23/8/2016,38.77399826,38.8219986,38.58924866,38.60400009,18564000
918,24/8/2016,38.52899933,38.72499847,38.35350037,38.48199844,21440000
919,25/8/2016,38.34999847,38.5945015,38.15924835,38.47050095,18538000
920,26/8/2016,38.45000076,38.80400085,38.29249954,38.47700119,23334000
921,29/8/2016,38.43700027,38.74950027,38.33074951,38.60749817,16952000
922,30/8/2016,38.46649933,38.72330093,38.34199905,38.45449829,22600000
923,31/8/2016,38.3504982,38.45449829,38.26900101,38.35250092,24972000
924,1/9/2016,38.46250153,38.55099869,38.21500015,38.43899918,18502000
925,2/9/2016,38.65050125,38.69599915,38.42050171,38.57300186,21454000
926,6/9/2016,38.67250061,39.09999847,38.54999924,39.00400162,28856000
927,7/9/2016,39,39.13650131,38.81000137,39.01750183,17874000
928,8/9/2016,38.92950058,39.01750183,38.67900085,38.76599884,25406000
929,9/9/2016,38.50500107,38.66225052,37.98300171,37.98300171,37710000
930,12/9/2016,37.75650024,38.51449966,37.70000076,38.45100021,26220000
931,13/9/2016,38.22399902,38.31100082,37.79000092,37.98450089,27900000
932,14/9/2016,37.98049927,38.38399887,37.95550156,38.12450027,21748000
933,15/9/2016,38.14450073,38.68999863,37.9980011,38.58800125,26102000
934,16/9/2016,38.48749924,38.48749924,38.23300171,38.44400024,40986000
935,19/9/2016,38.62099838,38.70000076,38.22204971,38.28499985,23456000
936,20/9/2016,38.45000076,38.66650009,38.42649841,38.57049942,19572000
937,21/9/2016,38.63299942,38.85800171,38.41505051,38.81100082,23356000
938,22/9/2016,39,39.49250031,38.92200089,39.36050034,29724000
939,23/9/2016,39.32949829,39.44649887,39.20750046,39.34500122,28238000
940,26/9/2016,39.13700104,39.13700104,38.6534996,38.71049881,30664000
941,27/9/2016,38.77500153,39.29949951,38.7154007,39.15050125,23064000
942,28/9/2016,38.89250183,39.09049988,38.74850082,39.07799911,22196000
943,29/9/2016,39.0719986,39.29000092,38.71160126,38.75049973,26294000
944,30/9/2016,38.81650162,39.04700089,38.70449829,38.86449814,31706000
945,3/10/2016,38.71250153,38.80324936,38.47499847,38.62799835,25576000
946,4/10/2016,38.80149841,38.9355011,38.64450073,38.82149887,24028000
947,5/10/2016,38.96549988,39.10350037,38.78250122,38.82350159,29224000
948,6/10/2016,38.95000076,39.02399826,38.77700043,38.8429985,21414000
949,7/10/2016,38.98300171,38.98300171,38.53749847,38.75400162,18664000
950,10/10/2016,38.88550186,39.46900177,38.79349899,39.29700089,23498000
951,11/10/2016,39.33300018,39.61399841,39.02899933,39.1534996,27450000
952,12/10/2016,39.18799973,39.40650177,39.10300064,39.30699921,18748000
953,13/10/2016,39.06100082,39.06100082,38.65000153,38.90950012,27306000
954,14/10/2016,39.08250046,39.19749832,38.79999924,38.92649841,17050000
955,17/10/2016,38.99000168,39.29249954,38.875,38.9980011,21860000
956,18/10/2016,39.39250183,40.08050156,39.27825165,39.76300049,41138000
957,19/10/2016,39.91199875,40.22999954,39.9015007,40.07500076,35336000
958,20/10/2016,40.16500092,40.19850159,39.80149841,39.8484993,35150000
959,21/10/2016,39.75,39.97499847,39.70000076,39.96849823,25324000
960,24/10/2016,40.24499893,40.75899887,40.24100113,40.6554985,33950000
961,25/10/2016,40.83399963,40.83399963,40.25699997,40.38349915,31528000
962,26/10/2016,40.31700134,40.34899902,39.81600189,39.95349884,32954000
963,27/10/2016,40.04999924,40.17449951,39.57500076,39.76750183,54984000
964,28/10/2016,40.41749954,40.7745018,39.67950058,39.76850128,85398000
965,31/10/2016,39.77349854,39.8429985,39.20000076,39.22700119,48546000
966,1/11/2016,39.14450073,39.47449875,38.77700043,39.18050003,48128000
967,2/11/2016,38.90999985,39.08250046,38.17250061,38.43500137,37448000
968,3/11/2016,38.36249924,38.49750137,37.95149994,38.10649872,38864000
969,4/11/2016,37.53300095,38.51800156,37.52804947,38.10100174,42696000
970,7/11/2016,38.72499847,39.2594986,38.62749863,39.12599945,31702000
971,8/11/2016,39.16999817,39.78165054,39.0094986,39.52550125,27338000
972,9/11/2016,38.99700165,39.56135178,38.58349991,39.26549911,52142000
973,10/11/2016,39.55849838,39.55849838,37.60900116,38.12799835,94904000
974,11/11/2016,37.82699966,38.03900146,37.51900101,37.70100021,48636000
975,14/11/2016,37.77999878,37.89250183,36.3769989,36.80400085,73088000
976,15/11/2016,37.3484993,38.22079849,37.3484993,37.92449951,47680000
977,16/11/2016,37.75999832,38.31800079,37.52550125,38.22399902,29452000
978,17/11/2016,38.34600067,38.63499832,38.21149826,38.56150055,26080000
979,18/11/2016,38.56850052,38.75,38,38.02700043,30942000
980,21/11/2016,38.13050079,38.48500061,38.02999878,38.45999908,26612000
981,22/11/2016,38.63150024,38.84799957,38.34999847,38.41350174,31862000
982,23/11/2016,38.38650131,38.41415024,37.76250076,38.04949951,29568000
983,25/11/2016,38.21300125,38.25,38.02600098,38.08399963,11748000
984,28/11/2016,38,38.97650146,37.99000168,38.41199875,43764000
985,29/11/2016,38.57649994,38.92499924,38.41199875,38.54199982,32332000
986,30/11/2016,38.50350189,38.6495018,37.74150085,37.90200043,47858000
987,1/12/2016,37.87200165,37.99250031,36.85124969,37.39599991,60358000
988,2/12/2016,37.22949982,37.70000076,37.15499878,37.52500153,29050000
989,5/12/2016,37.88550186,38.19499969,37.64500046,38.12599945,27884000
990,6/12/2016,38.23649979,38.44150162,37.86700058,37.95550156,33814000
991,7/12/2016,38.04999924,38.56800079,37.79000092,38.55950165,35220000
992,8/12/2016,38.62400055,38.9090004,38.36149979,38.82099915,29762000
993,9/12/2016,39,39.4715004,38.9510498,39.46450043,36438000
994,12/12/2016,39.2519989,39.5625,39.21775055,39.46350098,42082000
995,13/12/2016,39.69499969,40.21900177,39.66699982,39.80500031,42904000
996,14/12/2016,39.86999893,40.20000076,39.70050049,39.85350037,34084000
997,15/12/2016,39.86700058,40.15000153,39.64599991,39.89250183,32530000
998,16/12/2016,40.02000046,40.0428009,39.51449966,39.54000092,48876000
999,19/12/2016,39.51100159,39.88299942,39.31349945,39.70999908,24642000
1000,20/12/2016,39.83800125,39.93249893,39.66350174,39.82099915,19020000
1001,21/12/2016,39.79199982,39.83380127,39.35499954,39.72800064,24226000
1002,22/12/2016,39.61800003,39.66600037,39.42900085,39.56299973,19444000
1003,23/12/2016,39.54499817,39.63700104,39.36399841,39.49549866,12468000
1004,27/12/2016,39.5340004,39.89300156,39.38285065,39.57749939,15782000
1005,28/12/2016,39.68500137,39.71149826,39.15999985,39.25249863,23076000
1006,29/12/2016,39.16650009,39.29650116,38.94599915,39.13949966,14886000
1007,30/12/2016,39.13750076,39.13899994,38.52050018,38.5909996,35400000
1008,3/1/2017,38.94049835,39.48149872,38.79000092,39.30699921,33146000
1009,4/1/2017,39.41799927,39.56700134,39.15800095,39.34500122,21460000
1010,5/1/2017,39.30400085,39.72399902,39.25099945,39.70100021,26704000
1011,6/1/2017,39.76300049,40.39500046,39.61019897,40.30749893,32804000
1012,9/1/2017,40.31999969,40.49829865,40.14149857,40.33250046,25492000
1013,10/1/2017,40.39300156,40.45650101,40.17549896,40.23949814,23536000
1014,11/1/2017,40.25,40.40750122,40.06850052,40.39550018,21318000
1015,12/1/2017,40.35699844,40.36949921,39.95849991,40.31800079,27062000
1016,13/1/2017,40.37400055,40.56119919,40.33449936,40.39400101,21984000
1017,17/1/2017,40.35400009,40.35699844,40.01850128,40.23049927,27242000
1018,18/1/2017,40.29050064,40.31024933,40.04949951,40.30350113,25888000
1019,19/1/2017,40.25600052,40.47399902,40.09000015,40.10874939,18386000
1020,20/1/2017,40.34550095,40.34550095,40.08449936,40.25099945,33400000
1021,23/1/2017,40.36249924,41.04349899,40.18700027,40.96549988,39272000
1022,24/1/2017,41.11500168,41.29499817,40.89104843,41.19350052,29480000
1023,25/1/2017,41.48099899,41.78850174,41.25299835,41.78350067,29890000
1024,26/1/2017,41.89049911,41.90000153,41.3504982,41.60749817,59478000
1025,27/1/2017,41.73550034,42.09749985,41.02199936,41.16550064,59316000
1026,30/1/2017,40.73300171,40.79199982,39.99000168,40.11600113,64932000
1027,31/1/2017,39.8429985,40.0625,39.52600098,39.83950043,43212000
1028,1/2/2017,39.98400116,40.05950165,39.55950165,39.78475189,40594000
1029,2/2/2017,39.68999863,40.13499832,39.59999847,39.92649841,30642000
1030,3/2/2017,40.1495018,40.29999924,40.01850128,40.07450104,29268000
1031,6/2/2017,39.98500061,40.08349991,39.76250076,40.06700134,23690000
1032,7/2/2017,40.19950104,40.52500153,40.0890007,40.3484993,24824000
1033,8/2/2017,40.34999847,40.59199905,40.15950012,40.41899872,23106000
1034,9/2/2017,40.4754982,40.53300095,40.22700119,40.47800064,19794000
1035,10/2/2017,40.58499908,40.76250076,40.48899841,40.68349838,22700000
1036,13/2/2017,40.79999924,41.04795074,40.7745018,40.9620018,24266000
1037,14/2/2017,40.95000076,41.15000153,40.79999924,41.02249908,21094000
1038,15/2/2017,40.9679985,41.15000153,40.92350006,40.94900131,26272000
1039,16/2/2017,40.99649811,41.22000122,40.94900131,41.20800018,25752000
1040,17/2/2017,41.15100098,41.4034996,41.08274841,41.4034996,32220000
1041,21/2/2017,41.43299866,41.67250061,41.41749954,41.58300018,25246000
1042,22/2/2017,41.43299866,41.66249847,41.43199921,41.5379982,19658000
1043,23/2/2017,41.50600052,41.6230011,41.14400101,41.56650162,29456000
1044,24/2/2017,41.38650131,41.45000076,41.20999908,41.43199921,27844000
1045,27/2/2017,41.22750092,41.52500153,41.20000076,41.4640007,22030000
1046,28/2/2017,41.2804985,41.42699814,41.00999832,41.16049957,45216000
1047,1/3/2017,41.44250107,41.81275177,41.36299896,41.76200104,29930000
1048,2/3/2017,41.69250107,41.7254982,41.48199844,41.53150177,18850000
1049,3/3/2017,41.52799988,41.56800079,41.28755188,41.45399857,17928000
1050,6/3/2017,41.34749985,41.44400024,41.11999893,41.38899994,22180000
1051,7/3/2017,41.36999893,41.67050171,41.32600021,41.59550095,20752000
1052,8/3/2017,41.67549896,41.90750122,41.58950043,41.76850128,19796000
1053,9/3/2017,41.79999924,42.09999847,41.71049881,41.93399811,25230000
1054,10/3/2017,42.16400146,42.24549866,41.97499847,42.16249847,34080000
1055,13/3/2017,42.20000076,42.43424988,42.16249847,42.27700043,24472000
1056,14/3/2017,42.18199921,42.36199951,42.04000092,42.28099823,15598000
1057,15/3/2017,42.37950134,42.43149948,42.03850174,42.36000061,27630000
1058,16/3/2017,42.45149994,42.54249954,42.30649948,42.43899918,19552000
1059,17/3/2017,42.58050156,42.66999817,42.35549927,42.60599899,34246000
1060,20/3/2017,42.50049973,42.51100159,42.25749969,42.41999817,24630000
1061,21/3/2017,42.56999969,42.67499924,41.45100021,41.52299881,49270000
1062,22/3/2017,41.59550095,41.77750015,41.35900116,41.47949982,28030000
1063,23/3/2017,41.04999924,41.12850189,40.61285019,40.87900162,69742000
1064,24/3/2017,41.00400162,41.0965004,40.44449997,40.7215004,39620000
1065,27/3/2017,40.34749985,41.08150101,40.16849899,40.9754982,37886000
1066,28/3/2017,41.02050018,41.29949951,40.70135117,41.04600143,32410000
1067,29/3/2017,41.25,41.63824844,41.11899948,41.57049942,35726000
1068,30/3/2017,41.67499924,41.68399811,41.45000076,41.57500076,21106000
1069,31/3/2017,41.44850159,41.58200073,41.36949921,41.47800064,28038000
1070,3/4/2017,41.46099854,42.04249954,41.46099854,41.92750168,33430000
1071,4/4/2017,41.56800079,41.75899887,41.4518013,41.72850037,20908000
1072,5/4/2017,41.77550125,42.12250137,41.5359993,41.57049942,31106000
1073,6/4/2017,41.61999893,41.81949997,41.32300186,41.39400101,25088000
1074,7/4/2017,41.39799881,41.42425156,41.02565002,41.23350143,21146000
1075,10/4/2017,41.26950073,41.46749878,41.18849945,41.23649979,19578000
1076,11/4/2017,41.23550034,41.37134933,40.85100174,41.16749954,21594000
1077,12/4/2017,41.0965004,41.33300018,41.05099869,41.2159996,18010000
1078,13/4/2017,41.10699844,41.31900024,41.0719986,41.1780014,22448000
1079,17/4/2017,41.25049973,41.88750076,41.2234993,41.85850143,17900000
1080,18/4/2017,41.71099854,41.94649887,41.63550186,41.8409996,16734000
1081,19/4/2017,41.98949814,42.11100006,41.8144989,41.91049957,19084000
1082,20/4/2017,42.0719986,42.25999832,41.9659996,42.08250046,19180000
1083,21/4/2017,42.14400101,42.19400024,42.02999878,42.15950012,26472000
1084,24/4/2017,42.56000137,43.17250061,42.49300003,43.13800049,27450000
1085,25/4/2017,43.25,43.75,43.14049911,43.61500168,33440000
1086,26/4/2017,43.71149826,43.80250168,43.38740158,43.58649826,24744000
1087,27/4/2017,43.68000031,43.77000046,43.51900101,43.71250153,40536000
1088,28/4/2017,45.53300095,45.84249878,45.28850174,45.29800034,65526000
1089,1/5/2017,45.09700012,45.7840004,45.07249832,45.62850189,42320000
1090,2/5/2017,45.48099899,46.03850174,45.47264862,45.8219986,31744000
1091,3/5/2017,45.74300003,46.40499878,45.62715149,46.35200119,29990000
1092,4/5/2017,46.30350113,46.79650116,46.22949982,46.58300018,28442000
1093,5/5/2017,46.67699814,46.74499893,46.25999832,46.35649872,38226000
1094,8/5/2017,46.30599976,46.84624863,46.26300049,46.71500015,26596000
1095,9/5/2017,46.84749985,46.875,46.47650146,46.60850143,31636000
1096,10/5/2017,46.59899902,46.59999847,46.25799942,46.43899918,23478000
1097,11/5/2017,46.26599884,46.62649918,46.1515007,46.52999878,16700000
1098,12/5/2017,46.57649994,46.67200089,46.39250183,46.61100006,21012000
1099,15/5/2017,46.64749908,46.91249847,46.46699905,46.85400009,22162000
1100,16/5/2017,47,47.1554985,46.87900162,47.15000153,19390000
1101,17/5/2017,46.78350067,46.9666481,45.9070015,45.98099899,47242000
1102,18/5/2017,46.04999924,46.65850067,45.9375,46.51200104,31938000
1103,19/5/2017,46.57350159,46.88774872,46.54999924,46.70050049,27860000
1104,22/5/2017,46.75,47.09415054,46.75,47.0929985,22408000
1105,23/5/2017,47.39599991,47.573349,47.12874985,47.44100189,25416000
1106,24/5/2017,47.64899826,47.75450134,47.47499847,47.7480011,20496000
1107,25/5/2017,47.86650085,48.63145065,47.77349854,48.47700119,33210000
1108,26/5/2017,48.48500061,48.74900055,48.25149918,48.57350159,25040000
1109,30/5/2017,48.51549911,48.81000137,48.47449875,48.79399872,29334000
1110,31/5/2017,48.75099945,48.96350098,48.00899887,48.24300003,48962000
1111,1/6/2017,48.44749832,48.57500076,48.00049973,48.34749985,28210000
1112,2/6/2017,48.47299957,48.79399872,48.29999924,48.77999878,35020000
1113,5/6/2017,48.82749939,49.34550095,48.75500107,49.18399811,25042000
1114,6/6/2017,49.15800095,49.41249847,48.75699997,48.82849884,36292000
1115,7/6/2017,49,49.19900131,48.79700089,49.04700089,29078000
1116,8/6/2017,49.11750031,49.22850037,48.86000061,49.17050171,29638000
1117,9/6/2017,49.22499847,49.22499847,46.78150177,47.49150085,66188000
1118,12/6/2017,46.97800064,47.46775055,45.76165009,47.14500046,75270000
1119,13/6/2017,47.59550095,47.99900055,47.20449829,47.66999817,40266000
1120,14/6/2017,47.99599838,48.05749893,47.11249924,47.5379982,29794000
1121,15/6/2017,46.69850159,47.16695023,46.22200012,47.1155014,42662000
1122,16/6/2017,47,47.10200119,46.57975006,46.98899841,61894000
1123,19/6/2017,47.4980011,47.99950027,47.45249939,47.86849976,30666000
1124,20/6/2017,47.87599945,48.08100128,47.50049973,47.53150177,22520000
1125,21/6/2017,47.68199921,48.00500107,47.5379982,47.97249985,24044000
1126,22/6/2017,47.93500137,48.0359993,47.72750092,47.85449982,18828000
1127,23/6/2017,47.84149933,48.29999924,47.70999908,48.27949905,30558000
1128,26/6/2017,48.49499893,48.66550064,47.53950119,47.61349869,31968000
1129,27/6/2017,47.1230011,47.41450119,46.34249878,46.36650085,51598000
1130,28/6/2017,46.45000076,47.13750076,45.79999924,47.0245018,54428000
1131,29/6/2017,46.49599838,46.56299973,45.53099823,45.88949966,65984000
1132,30/6/2017,46.30250168,46.30250168,45.41550064,45.43650055,41804000
1133,3/7/2017,45.60900116,45.6969986,44.73949814,44.93500137,34196000
1134,5/7/2017,45.08800125,45.7254982,44.92499924,45.58549881,36278000
1135,6/7/2017,45.20600128,45.74720001,44.98500061,45.33449936,28490000
1136,7/7/2017,45.44250107,46.07699966,45.44250107,45.92950058,32756000
1137,10/7/2017,46.08850098,46.51900101,45.97949982,46.43999863,23856000
1138,11/7/2017,46.47700119,46.57149887,46.09999847,46.50450134,22264000
1139,12/7/2017,46.93399811,47.31499863,46.7234993,47.19150162,30642000
1140,13/7/2017,47.3144989,47.72249985,47.15050125,47.35800171,25894000
1141,14/7/2017,47.59999847,47.84550095,47.40024948,47.79949951,21076000
1142,17/7/2017,47.84999847,48.03699875,47.46205139,47.67100143,23310000
1143,18/7/2017,47.65000153,48.40200043,47.52999878,48.27000046,23080000
1144,19/7/2017,48.39199829,48.65200043,48.20149994,48.54449844,24490000
1145,20/7/2017,48.75,48.79499817,48.07550049,48.40750122,32490000
1146,21/7/2017,48.11249924,48.66149902,48.00749969,48.64599991,34220000
1147,24/7/2017,48.61100006,49.31000137,48.53850174,49.01699829,64966000
1148,25/7/2017,47.69049835,47.98500061,47.27000046,47.53499985,93220000
1149,26/7/2017,47.73400116,47.75,47.11394882,47.38999939,41766000
1150,27/7/2017,47.5890007,47.5890007,46,46.70449829,64260000
1151,28/7/2017,46.47000122,47.19150162,46.375,47.07649994,36928000
1152,31/7/2017,47.0945015,47.17950058,46.30199814,46.52500153,39402000
1153,1/8/2017,46.61899948,46.87234879,46.46300125,46.54150009,25554000
1154,2/8/2017,46.43050003,46.63000107,45.83399963,46.51950073,36488000
1155,3/8/2017,46.51699829,46.61199951,46.11199951,46.18249893,24050000
1156,4/8/2017,46.33750153,46.51535034,46.1515007,46.39799881,21646000
1157,7/8/2017,46.45299911,46.58499908,46.32500076,46.4679985,20644000
1158,8/8/2017,46.35449982,46.79069901,46.2804985,46.33950043,21232000
1159,9/8/2017,46.0304985,46.29899979,45.86249924,46.14500046,23842000
1160,10/8/2017,45.87749863,45.96300125,45.30649948,45.36199951,36480000
1161,11/8/2017,45.39849854,45.88899994,45.27899933,45.7195015,24136000
1162,14/8/2017,46.12649918,46.23339844,45.90950012,46.13349915,21290000
1163,15/8/2017,46.21149826,46.32749939,45.99100113,46.11100006,17668000
1164,16/8/2017,46.26449966,46.63499832,46.17224884,46.34799957,20134000
1165,17/8/2017,46.28900146,46.3429985,45.54899979,45.54899979,25544000
1166,18/8/2017,45.51549911,45.76374817,45.35770035,45.53350067,26854000
1167,21/8/2017,45.5,45.65000153,45.16999817,45.33300018,18868000
1168,22/8/2017,45.63600159,46.29299927,45.57374954,46.23450089,23334000
1169,23/8/2017,46.0965004,46.49649811,45.9679985,46.34999847,21804000
1170,24/8/2017,46.43299866,46.54199982,45.77500153,46.06399918,25406000
1171,25/8/2017,46.17449951,46.27774811,45.77500153,45.79449844,21068000
1172,28/8/2017,45.79999924,45.96224976,45.59349823,45.69049835,21730000
1173,29/8/2017,45.25500107,46.16650009,45.25,46.0644989,23712000
1174,30/8/2017,46.00249863,46.54095078,45.98249817,46.47850037,26024000
1175,31/8/2017,46.58800125,47.09899902,46.58800125,46.96649933,31652000
1176,1/9/2017,47.05649948,47.12400055,46.75749969,46.86700058,18948000
1177,5/9/2017,46.65399933,46.84999847,46.09799957,46.42250061,26528000
1178,6/9/2017,46.50749969,46.54574966,45.96350098,46.39049911,30554000
1179,7/9/2017,46.58649826,46.82049942,46.18099976,46.79750061,24254000
1180,8/9/2017,46.82450104,46.84949875,46.24399948,46.32500076,20230000
1181,11/9/2017,46.71250153,46.91899872,46.34600067,46.45399857,25340000
1182,12/9/2017,46.62950134,46.67399979,46.19305038,46.60350037,22688000
1183,13/9/2017,46.53300095,46.86249924,46.49300003,46.75450134,22052000
1184,14/9/2017,46.5625,46.63850021,46.20000076,46.25550079,27952000
1185,15/9/2017,46.23300171,46.32450104,45.81800079,46.01449966,50108000
1186,18/9/2017,46.00049973,46.10400009,45.52999878,45.75,26138000
1187,19/9/2017,45.87099838,46.12099838,45.62749863,46.09049988,18734000
1188,20/9/2017,46.14899826,46.69400024,46.09999847,46.57899857,33396000
1189,21/9/2017,46.65000153,46.82649994,46.19150162,46.62250137,25812000
1190,22/9/2017,46.38750076,46.73649979,46.32400131,46.42649841,21054000
1191,25/9/2017,46.27249908,46.31999969,45.48500061,46.04850006,37136000
1192,26/9/2017,46.18600082,46.54100037,46.05699921,46.24300003,33338000
1193,27/9/2017,46.38700104,47.49499893,46.38700104,47.22449875,44788000
1194,28/9/2017,47.06800079,47.53450012,47.02750015,47.47499847,20406000
1195,29/9/2017,47.59999847,47.98929977,47.57550049,47.95550156,31620000
1196,2/10/2017,47.99900055,48.1269989,47.39199829,47.66350174,25668000
1197,3/10/2017,47.70000076,47.90000153,47.45700073,47.88949966,17766000
1198,4/10/2017,47.84999847,48.01950073,47.53450012,47.58399963,19048000
1199,5/10/2017,47.7745018,48.54550171,47.75899887,48.4980011,24276000
1200,6/10/2017,48.33499908,48.97299957,48.16799927,48.94449997,23478000
1201,9/10/2017,49,49.27125168,48.80550003,48.84999847,17828000
1202,10/10/2017,49,49.07849884,48.30400085,48.63000107,19368000
1203,11/10/2017,48.68600082,49.53549957,48.61249924,49.46250153,33866000
1204,12/10/2017,49.37250137,49.70600128,49.25,49.39149857,25248000
1205,13/10/2017,49.59999847,49.86050034,49.45000076,49.48400116,23396000
1206,16/10/2017,49.60499954,49.69535065,49.20000076,49.59999847,18210000
1207,17/10/2017,49.51449966,49.8219986,49.42950058,49.60900116,25804000
1208,18/10/2017,49.58850098,49.83599854,49.34875107,49.64049911,21152000
1209,19/10/2017,49.29999924,49.44400024,48.91949844,49.22249985,26272000
1210,20/10/2017,49.47200012,49.54999924,49.22900009,49.40999985,23664000
1211,23/10/2017,49.47600174,49.47600174,48.30599976,48.42250061,29568000
1212,24/10/2017,48.5,48.61149979,48.04999924,48.52700043,24244000
1213,25/10/2017,48.41849899,48.80450058,48.02600098,48.66650009,24226000
1214,26/10/2017,49,49.38000107,48.61000061,48.62799835,40842000
1215,27/10/2017,50.45949936,52.41949844,50.40999985,50.96350098,103354000
1216,30/10/2017,50.70000076,51.24850082,50.375,50.85549927,41702000
1217,31/10/2017,50.76100159,51.20000076,50.52099991,50.83200073,26614000
1218,1/11/2017,50.86050034,51.48350143,50.84749985,51.27500153,27468000
1219,2/11/2017,51.08800125,51.40449905,50.65050125,51.27899933,20980000
1220,3/11/2017,51.10549927,51.63249969,51.01549911,51.62400055,21528000
1221,6/11/2017,51.44950104,51.74349976,51.25,51.29499817,22504000
1222,7/11/2017,51.36349869,51.69850159,51.25650024,51.66650009,22246000
1223,8/11/2017,51.52600098,52.17610168,51.42250061,51.99250031,21774000
1224,9/11/2017,51.69950104,51.69950104,50.98329926,51.56299973,24904000
1225,10/11/2017,51.32300186,51.5379982,51.26399994,51.4034996,14400000
1226,13/11/2017,51.17100143,51.57899857,51.12850189,51.28749847,17716000
1227,14/11/2017,51.12950134,51.34049988,50.70750046,51.29999924,19184000
1228,15/11/2017,50.96049881,51.20449829,50.77099991,51.04550171,17080000
1229,16/11/2017,51.12599945,51.79600143,51.12599945,51.625,22594000
1230,17/11/2017,51.70050049,51.72100067,50.88750076,50.95449829,27942000
1231,20/11/2017,51.01300049,51.13050079,50.875,50.91899872,19070000
1232,21/11/2017,51.16550064,51.75550079,51.13275146,51.72449875,21940000
1233,22/11/2017,51.75,51.98529816,51.57149887,51.79800034,14926000
1234,24/11/2017,51.79349899,52.15890121,51.75,52.0304985,10740000
1235,27/11/2017,52,52.77299881,51.92200089,52.71049881,26158000
1236,28/11/2017,52.75450134,53.11875153,52,52.37049866,28488000
1237,29/11/2017,52.13399887,52.20399857,50.78250122,51.08300018,49188000
1238,30/11/2017,51.11849976,51.42449951,50.75,51.07049942,34480000
1239,1/12/2017,50.79000092,51.12450027,50.10100174,50.50849915,38192000
1240,4/12/2017,50.63299942,50.80500031,49.7784996,49.93399811,38128000
1241,5/12/2017,49.79700089,51.0304985,49.41400146,50.25749969,41346000
1242,6/12/2017,50.07500076,51.24850082,50.05699921,50.91899872,25440000
1243,7/12/2017,51.02149963,51.7120018,50.90354919,51.54650116,29164000
1244,8/12/2017,51.87450027,52.10250092,51.62609863,51.85250092,25816000
1245,11/12/2017,51.77500153,52.18999863,51.60250092,52.05500031,23856000
1246,12/12/2017,51.98149872,52.51549911,51.68450165,52.02399826,25590000
1247,13/12/2017,52.30599976,52.33324814,51.91899872,52.0304985,25654000
1248,14/12/2017,52.25,52.92499924,52.1554985,52.45750046,31174000
1249,15/12/2017,52.73049927,53.38100052,52.47499847,53.20949936,65518000
1250,18/12/2017,53.30400085,53.92449951,53.09999847,53.85699844,31092000
1251,19/12/2017,53.75999832,53.84199905,53.17750168,53.5340004,26774000
1252,20/12/2017,53.5890007,53.66899872,53.07600021,53.24750137,25372000
1253,21/12/2017,53.24750137,53.46649933,53.08969879,53.18149948,19914000
1254,22/12/2017,53.05550003,53.20999908,52.97200012,53.00600052,15102000
1255,26/12/2017,52.9034996,53.00600052,52.50999832,52.8370018,15212000
1256,27/12/2017,52.86949921,52.91849899,52.40250015,52.46849823,25438000
1257,28/12/2017,52.58000183,52.73749924,52.23849869,52.4070015,16742000
1258,29/12/2017,52.33599854,52.48500061,52.24499893,52.31999969,17750000
1259,2/1/2018,52.41699982,53.34700012,52.26150131,53.25,24752000
1260,3/1/2018,53.21549988,54.3144989,53.16049957,54.12400055,28604000
1261,4/1/2018,54.40000153,54.67850113,54.20009995,54.31999969,20092000
1262,5/1/2018,54.70000076,55.21250153,54.59999847,55.11149979,25582000
1263,8/1/2018,55.11149979,55.56349945,55.08100128,55.34700012,20952000
1264,9/1/2018,55.47000122,55.5284996,55.06155014,55.31299973,18050000
1265,10/1/2018,54.85499954,55.22999954,54.80550003,55.13050079,20856000
1266,11/1/2018,55.31499863,55.32624817,54.97949982,55.27600098,19566000
1267,12/1/2018,55.12049866,56.21450043,55.05749893,56.11299896,34410000
1268,16/1/2018,56.62549973,56.99549866,55.89160156,56.08800125,31506000
1269,17/1/2018,56.31100082,56.63000107,55.8504982,56.59899902,24052000
1270,18/1/2018,56.57049942,56.62549973,55.875,56.48949814,23964000
1271,19/1/2018,56.59149933,56.89300156,56.41500092,56.87549973,35564000
1272,22/1/2018,56.87450027,57.99399948,56.75550079,57.79050064,32360000
1273,23/1/2018,57.99250031,58.58134842,57.9375,58.49850082,26662000
1274,24/1/2018,58.86650085,58.99300003,58.05250168,58.2120018,28332000
1275,25/1/2018,58.62649918,58.79700089,58.13800049,58.51850128,29610000
1276,26/1/2018,58.75400162,58.79199982,57.9054985,58.79199982,40376000
1277,29/1/2018,58.82400131,59.3445015,58.59899902,58.77899933,27578000
1278,30/1/2018,58.39149857,58.82600021,58.17599869,58.18450165,31126000
1279,31/1/2018,58.5284996,58.65000153,57.95650101,58.49700165,30774000
1280,1/2/2018,58.13050079,58.70000076,57.87599945,58.38499832,48242000
1281,2/2/2018,56.09999847,56.1534996,55.36389923,55.59500122,97158000
1282,5/2/2018,54.52999878,55.5,52.60150146,52.79000092,75966000
1283,6/2/2018,51.35900116,54.08549881,51.15684891,54.02999878,68960000
1284,7/2/2018,54.07699966,54.0890007,52.4129982,52.42900085,47384000
1285,8/2/2018,52.77050018,52.93099976,50.03300095,50.07600021,57182000
1286,9/2/2018,50.86249924,52.19850159,49.62799835,51.88899994,70118000
1287,12/2/2018,52.40000153,53.07500076,52.04639816,52.59700012,41154000
1288,13/2/2018,52.25,52.91849899,52.20434952,52.60499954,25302000
1289,14/2/2018,52.44749832,53.58599854,52.33750153,53.48500061,31116000
1290,15/2/2018,53.95349884,54.57395172,53.21699905,54.47600174,36868000
1291,16/2/2018,54.42050171,55.23350143,54.41564941,54.74000168,33590000
1292,20/2/2018,54.5284996,55.69749832,54.42599869,55.1230011,28462000
1293,21/2/2018,55.32350159,56.69850159,55.31650162,55.56700134,30258000
1294,22/2/2018,55.80950165,56.14099884,55.12950134,55.33150101,26344000
1295,23/2/2018,55.63199997,56.36399841,55.2356987,56.33950043,25220000
1296,26/2/2018,56.38999939,57.19800186,56.33475113,57.1875,31182000
1297,27/2/2018,57.06200027,57.20199966,55.90000153,55.91450119,35482000
1298,28/2/2018,56.1515007,56.37649918,55.16199875,55.23649979,37652000
1299,1/3/2018,55.39350128,55.50600052,53.35005188,53.47600174,50318000
1300,2/3/2018,52.65399933,54.09994888,52.40575027,53.94599915,45432000
1301,5/3/2018,53.75699997,54.85499954,53.45000076,54.54650116,24044000
1302,6/3/2018,54.96099854,55.09249878,54.48875046,54.75299835,30656000
1303,7/3/2018,54.45949936,55.61100006,54.27410126,55.48199844,25850000
1304,8/3/2018,55.76599884,56.38000107,55.63999939,56.29999924,27102000
1305,9/3/2018,56.79999924,58.04000092,56.62305069,58.0019989,42560000
1306,12/3/2018,58.19250107,58.85250092,57.87099838,58.22499847,43446000
1307,13/3/2018,58.5,58.83800125,56.66650009,56.90850067,38144000
1308,14/3/2018,57.26050186,57.92950058,57.0719986,57.47449875,25828000
1309,15/3/2018,57.4980011,58.05400085,56.72700119,57.47900009,27908000
1310,16/3/2018,57.70700073,57.79399872,56.59799957,56.78649902,61840000
1311,19/3/2018,56.00049973,56.09949875,54.45050049,54.99100113,56118000
1312,20/3/2018,54.95000076,55.25999832,54.17300034,54.88550186,36638000
1313,21/3/2018,54.63700104,55.31499863,54.25749969,54.54399872,37578000
1314,22/3/2018,54.09400177,54.14500046,52.29550171,52.45399857,53340000
1315,23/3/2018,52.35150146,53.16799927,51.06100082,51.07849884,43134000
1316,26/3/2018,52.29999924,52.78150177,50.41999817,52.66049957,53302000
1317,27/3/2018,53.15000153,53.24195099,49.84600067,50.25500107,61906000
1318,28/3/2018,49.90000153,51.21149826,49.0320015,50.22800064,67386000
1319,29/3/2018,50.58150101,52.15000153,50.14500046,51.58950043,54536000
1320,2/4/2018,51.14099884,51.74000168,49.51850128,50.32350159,53608000
1321,3/4/2018,50.69549942,51.04949951,49.70349884,50.67050171,45502000
1322,4/4/2018,49.67050171,51.43590164,49.65000153,51.25699997,49694000
1323,5/4/2018,52.06650162,52.13949966,51.00654984,51.39049911,27260000
1324,6/4/2018,51,51.57099915,50.1515007,50.35200119,34928000
1325,9/4/2018,50.84000015,51.97999954,50.70399857,50.77249908,35032000
1326,10/4/2018,51.3219986,51.81399918,50.56700134,51.58200073,39490000
1327,11/4/2018,51.3995018,51.56819916,50.79349899,50.99850082,29678000
1328,12/4/2018,51.2519989,52.03450012,51.07175064,51.62549973,27140000
1329,13/4/2018,52.04399872,52.32099915,51.14899826,51.46350098,24460000
1330,16/4/2018,51.84999847,52.16199875,51.3370018,51.89899826,24224000
1331,17/4/2018,52.56850052,53.89400101,52.4129982,53.70800018,46406000
1332,18/4/2018,53.87149811,53.87149811,53.31124878,53.60400009,26882000
1333,19/4/2018,53.47000122,54.70824814,53.4090004,54.38499832,34954000
1334,20/4/2018,54.09999847,54.61750031,53.47850037,53.64799881,37794000
1335,23/4/2018,53.89300156,54.13600159,53.03499985,53.37250137,46826000
1336,24/4/2018,52.59999847,52.84999847,50.52949905,50.99900055,95206000
1337,25/4/2018,51.27600098,51.62450027,50.76549911,51.05899811,47822000
1338,26/4/2018,51.4754982,52.39899826,50.90950012,52.0019989,41590000
1339,27/4/2018,52.29999924,52.47499847,51.27949905,51.50249863,32396000
1340,30/4/2018,51.50049973,51.84999847,50.84249878,50.86650085,33426000
1341,1/5/2018,50.68299866,51.92350006,50.41049957,51.8655014,28558000
1342,2/5/2018,51.40499878,52.01945114,51.14350128,51.21900177,32062000
1343,3/5/2018,50.95000076,51.48374939,50.3144989,51.18600082,36302000
1344,4/5/2018,50.84500122,52.42549896,50.84500122,52.41049957,38774000
1345,7/5/2018,52.46149826,53.08399963,52.35499954,52.73949814,29322000
1346,8/5/2018,52.92699814,53.02750015,52.35725021,52.69549942,24354000
1347,9/5/2018,52.90499878,54.27199936,52.81824875,54.13800049,40656000
1348,10/5/2018,54.30149841,55.02199936,54.2820015,54.87850189,28860000
1349,11/5/2018,54.68000031,55.06650162,54.54550171,54.9129982,25074000
1350,14/5/2018,55,55.53749847,54.95550156,55.00999832,30362000
1351,15/5/2018,54.5,54.50249863,53.67350006,53.96149826,29898000
1352,16/5/2018,53.8655014,54.46350098,53.81299973,54.08850098,21946000
1353,17/5/2018,53.99449921,54.34349823,53.67499924,53.92950058,20876000
1354,18/5/2018,53.0929985,53.49700165,53.0340004,53.31800079,31304000
1355,21/5/2018,53.70299911,54.40000153,53.68249893,53.97900009,20464000
1356,22/5/2018,54.1780014,54.32949829,53.33449936,53.48649979,21800000
1357,23/5/2018,53.25650024,54.03900146,53.08549881,53.98450089,21214000
1358,24/5/2018,53.95000076,54.02349854,53.30749893,53.9620018,15336000
1359,25/5/2018,53.95100021,54.12799835,53.68875122,53.78300095,17988000
1360,29/5/2018,53.24449921,53.66849899,52.76100159,53.01599884,37302000
1361,30/5/2018,53.1515007,53.46049881,52.84149933,53.38999939,22770000
1362,31/5/2018,53.37799835,54.85950089,53.37799835,54.24950027,61766000
1363,1/6/2018,54.96749878,56,54.92499924,55.97499847,48432000
1364,4/6/2018,56.11650085,57.0945015,56.10025024,56.96450043,37792000
1365,5/6/2018,57.04949951,57.28689957,56.65950012,56.98300171,33560000
1366,6/6/2018,57.10850143,57.15000153,56.28715134,56.84400177,33964000
1367,7/6/2018,56.56600189,56.79100037,55.82600021,56.19300079,30400000
1368,8/6/2018,55.9090004,56.33349991,55.60749817,56.04349899,25816000
1369,11/6/2018,55.93000031,56.86299896,55.93000031,56.49950027,21586000
1370,12/6/2018,56.55350113,56.98949814,56.53675079,56.9659996,18240000
1371,13/6/2018,57.05599976,57.32500076,56.66899872,56.73949814,30128000
1372,14/6/2018,57.19250107,57.77349854,57.0320015,57.60599899,26868000
1373,15/6/2018,57.44300079,57.67100143,57.17425156,57.61299896,42450000
1374,18/6/2018,57.18249893,58.71549988,57.17950058,58.67300034,28274000
1375,19/6/2018,57.92499924,58.56349945,57.70050049,58.40299988,32420000
1376,20/6/2018,58.76549911,59.31430054,58.45800018,58.49200058,32970000
1377,21/6/2018,58.74250031,58.86474991,57.61159897,57.88299942,24762000
1378,22/6/2018,57.95700073,58.12485123,57.36299896,57.77399826,26220000
1379,25/6/2018,57.18000031,57.19549942,55.63899994,56.2405014,43146000
1380,26/6/2018,56.40000153,56.66049957,55.83295059,55.92300034,31264000
1381,27/6/2018,56.06700134,56.59180069,55.18099976,55.19900131,25878000
1382,28/6/2018,55.10449982,56.1155014,54.80049896,55.71099854,21448000
1383,29/6/2018,56,56.41135025,55.75,55.78250122,26302000
1384,2/7/2018,54.95000076,56.40000153,54.68999863,56.3730011,24346000
1385,3/7/2018,56.79100037,56.79100037,55.00099945,55.14450073,13580000
1386,5/7/2018,55.5265007,56.375,55.42399979,56.21350098,21334000
1387,6/7/2018,56.17900085,57.04650116,56.03684998,57.00849915,19922000
1388,9/7/2018,57.42399979,57.73350143,57.17100143,57.70249939,18180000
1389,10/7/2018,57.84899902,57.97949982,57.47949982,57.64199829,15968000
1390,11/7/2018,57.22949982,58.21450043,57.04999924,57.69499969,22400000
1391,12/7/2018,57.99449921,59.22050095,57.79674911,59.17399979,25038000
1392,13/7/2018,59.25,59.77085114,59,59.44100189,24438000
1393,16/7/2018,59.4695015,59.54999924,58.9640007,59.19300079,21114000
1394,17/7/2018,58.61100006,60.15200043,58.52999878,59.93999863,32208000
1395,18/7/2018,59.82799911,60.22499847,59.51699829,59.79399872,27872000
1396,19/7/2018,59.54999924,60,59.16600037,59.34799957,25534000
1397,20/7/2018,59.34799957,59.8429985,59.21099854,59.24549866,24948000
1398,23/7/2018,59.05049896,60.32450104,59.04999924,60.27500153,52384000
1399,24/7/2018,63.12950134,63.29999924,61.77799988,62.40399933,66364000
1400,25/7/2018,61.95650101,63.29299927,61.95650101,63.18500137,42556000
1401,26/7/2018,62.54999924,63.48854828,62.45100021,63.41650009,48112000
1402,27/7/2018,63.54999924,63.69449997,61.54999924,61.92499924,42612000
1403,30/7/2018,61.40050125,61.74580002,60.57350159,60.98699951,36998000
1404,31/7/2018,61.00049973,61.37939835,60.27999878,60.86299896,32894000
1405,1/8/2018,61.40000153,61.67350006,60.51050186,61.00049973,31344000
1406,2/8/2018,60.29499817,61.49399948,60.23949814,61.30749893,30626000
1407,3/8/2018,61.48099899,61.5,60.75299835,61.1855011,21792000
1408,6/8/2018,61.25,61.3044014,60.78984833,61.23849869,21634000
1409,7/8/2018,61.84999847,62.55849838,61.80849838,62.11100006,29880000
1410,8/8/2018,62.02349854,62.82500076,61.90039825,62.2804985,27406000
1411,9/8/2018,62.49499893,62.77709961,62.30049896,62.45500183,16972000
1412,10/8/2018,62.15000153,62.28475189,61.59999847,61.88050079,22174000
1413,13/8/2018,61.84899902,62.46364975,61.6820488,61.75049973,19946000
1414,14/8/2018,61.7594986,62.29349899,61.25550079,62.10499954,26962000
1415,15/8/2018,61.46300125,61.76200104,60.4754982,60.71900177,36576000
1416,16/8/2018,61.23649979,61.29999924,60.12749863,60.32450104,26864000
1417,17/8/2018,60.10150146,60.45100021,59.41199875,60.04800034,27792000
1418,20/8/2018,60.25099945,60.54999924,59.73130035,60.38850021,17416000
1419,21/8/2018,60.40000153,60.86299896,60.0177002,60.08100128,24112000
1420,22/8/2018,60,60.59199905,59.95000076,60.36650085,17748000
1421,23/8/2018,60.35699844,61.06399918,60.2120018,60.26900101,19852000
1422,24/8/2018,60.44100189,61.08250046,60.3179512,61.03250122,18932000
1423,27/8/2018,61.38000107,62.15449905,61.28580093,62.0909996,23126000
1424,28/8/2018,62.0644989,62.12725067,61.43450165,61.55749893,26080000
1425,29/8/2018,61.87250137,62.53300095,61.8179512,62.46500015,25978000
1426,30/8/2018,62.21149826,62.68175125,61.62950134,61.95600128,26628000
1427,31/8/2018,61.74900055,61.93299866,60.56425095,60.90950012,36328000
1428,4/9/2018,60.21350098,60.6495018,59.625,59.84999847,36620000
1429,5/9/2018,59.68999863,59.95050049,58.09999847,59.32400131,41226000
1430,6/9/2018,59.31499863,59.31499863,57.59999847,58.5719986,37770000
1431,7/9/2018,57.93349838,58.76300049,57.86074829,58.24150085,28026000
1432,10/9/2018,58.60950089,58.72700119,58.00550079,58.23199844,22308000
1433,11/9/2018,58.08150101,58.93399811,57.81200027,58.86800003,24186000
1434,12/9/2018,58.63600159,58.93050003,57.91799927,58.14099884,25910000
1435,13/9/2018,58.53699875,58.93050003,58.14250183,58.76649857,28624000
1436,14/9/2018,58.95500183,59.02125168,58.41650009,58.62649918,18880000
1437,17/9/2018,58.50699997,58.86199951,57.70149994,57.80250168,26130000
1438,18/9/2018,57.85449982,58.80400085,57.85449982,58.06100082,24072000
1439,19/9/2018,58.24900055,58.66049957,57.72900009,58.55450058,23828000
1440,20/9/2018,58.99950027,59.49449921,58.66799927,59.34349823,24508000
1441,21/9/2018,59.59999847,59.61050034,58.30199814,58.30450058,88112000
1442,24/9/2018,57.85850143,58.90000153,57.34550095,58.66849899,25420000
1443,25/9/2018,58.80749893,59.34400177,58.40000153,59.23249817,19554000
1444,26/9/2018,59.25749969,59.71149826,58.73825073,59.0245018,29246000
1445,27/9/2018,59.33649826,60.10499954,59.18149948,59.73199844,25216000
1446,28/9/2018,59.59349823,59.77050018,59.22499847,59.67350006,27612000
1447,1/10/2018,59.99449921,60.49499893,59.51499939,59.76549911,27152000
1448,2/10/2018,59.54800034,60.4980011,59.33150101,60.00550079,33758000
1449,3/10/2018,60.25,60.32049942,59.69150162,60.14749908,25124000
1450,4/10/2018,59.76649857,59.87549973,57.77880096,58.40950012,44190000
1451,5/10/2018,58.375,58.67499924,57.25600052,57.86750031,23686000
1452,8/10/2018,57.50550079,58.40000153,56.36819839,57.44850159,38648000
1453,9/10/2018,57.30749893,57.71749878,56.87860107,56.94100189,26174000
1454,10/10/2018,56.55400085,56.60850143,54.05649948,54.06100082,53514000
1455,11/10/2018,53.64699936,55.31999969,53.41350174,53.9659996,58980000
1456,12/10/2018,55.40000153,55.75,54.32009888,55.50400162,42026000
1457,15/10/2018,55.44549942,55.67229843,54.45000076,54.61249924,27448000
1458,16/10/2018,55.22949982,56.21099854,55.125,56.06399918,38570000
1459,17/10/2018,56.32300186,56.44950104,55.10950089,55.78450012,29344000
1460,18/10/2018,56.09199905,56.09199905,53.85449982,54.39849854,41890000
1461,19/10/2018,54.66849899,55.51800156,54.38750076,54.82300186,25352000
1462,22/10/2018,55.15299988,55.61149979,54.54999924,55.05799866,30284000
1463,23/10/2018,54.04449844,55.39450073,53.5,55.18450165,36974000
1464,24/10/2018,55.21250153,55.30599976,52.43700027,52.53549957,39648000
1465,25/10/2018,53.58950043,55.54899979,53.47750092,54.7784996,50916000
1466,26/10/2018,51.85150146,55.32649994,51.70449829,53.57350159,83752000
1467,29/10/2018,54.12350082,54.85200119,49.79150009,51.00400162,77614000
1468,30/10/2018,50.42300034,51.87450027,50.03749847,51.8105011,64254000
1469,31/10/2018,52.9905014,54.59700012,52.84999847,53.83850098,50596000
1470,1/11/2018,53.79000092,54.19874954,53.1230011,53.5,29640000
1471,2/11/2018,53.68650055,54.14875031,52.73049927,52.88949966,36780000
1472,5/11/2018,52.75,52.92350006,51.06200027,52.00450134,48828000
1473,6/11/2018,51.97399902,53.21725082,51.9034996,52.79050064,24666000
1474,7/11/2018,53.45000076,54.77299881,53.29499817,54.66949844,41168000
1475,8/11/2018,54.56900024,54.66350174,53.61024857,54.11999893,29764000
1476,9/11/2018,53.69950104,53.77799988,52.6554985,53.30749893,26864000
1477,12/11/2018,53.06949997,53.10599899,51.54999924,51.93149948,29436000
1478,13/11/2018,52.16450119,52.83024979,51.55749893,51.80250168,30274000
1479,14/11/2018,52.5,52.72819901,51.54999924,52.18299866,31318000
1480,15/11/2018,52.23550034,53.59249878,51.5890007,53.23550034,36722000
1481,16/11/2018,52.97050095,53.34999847,52.44900131,53.07450104,33162000
1482,19/11/2018,52.86000061,53.03950119,50.81299973,51,37172000
1483,20/11/2018,50,51.5870018,49.80099869,51.2879982,48982000
1484,21/11/2018,51.83800125,52.4280014,51.67350006,51.88050079,30686000
1485,23/11/2018,51.5,51.87950134,51.11994934,51.19400024,13830000
1486,26/11/2018,51.91749954,52.46549988,51.69549942,52.43099976,38856000
1487,27/11/2018,52.04999924,52.87900162,51.92449951,52.22050095,36064000
1488,28/11/2018,52.43799973,54.34199905,51.7879982,54.31150055,49508000
1489,29/11/2018,53.80400085,54.71224976,53.79999924,54.41500092,29378000
1490,30/11/2018,54.45349884,54.7784996,53.89400101,54.7215004,51604000
1491,3/12/2018,56.1570015,56.23249817,55.18325043,55.32149887,39824000
1492,4/12/2018,55.15599823,55.22100067,52.49900055,52.54100037,46904000
1493,6/12/2018,51.71300125,53.56000137,51.53850174,53.43650055,55384000
1494,7/12/2018,53.00049973,53.76300049,51.42499924,51.82899857,42024000
1495,10/12/2018,51.75249863,52.42250061,51.16450119,51.97750092,36154000
1496,11/12/2018,52.82450104,53.02999878,51.99200058,52.58750153,27894000
1497,12/12/2018,53.40000153,54.08250046,53.13949966,53.18399811,30476000
1498,13/12/2018,53.4034996,53.98799896,52.69649887,53.09500122,26596000
1499,14/12/2018,52.49900055,53.13000107,52.03950119,52.10499954,33732000
1500,17/12/2018,51.87549973,52.65750122,50.39500046,50.82649994,47708000
1501,18/12/2018,51.30450058,52.47399902,51.0719986,51.4355011,43850000
1502,19/12/2018,51.69950104,53.09999847,50.40250015,51.15050125,49586000
1503,20/12/2018,50.90650177,51.71099854,49.81800079,50.47050095,53470000
1504,21/12/2018,50.76499939,51.20100021,48.68450165,48.97700119,91920000
1505,24/12/2018,48.69499969,50.17699814,48.50550079,48.81100082,31806000
1506,26/12/2018,49.45050049,52,49.15000153,51.97299957,47466000
1507,27/12/2018,50.85749817,52.19449997,49.84999847,52.19400024,42196000
1508,28/12/2018,52.48099899,52.77799988,51.65499878,51.85400009,28296000
1509,31/12/2018,52.54800034,52.63499832,51.17950058,51.7804985,29866000
1510,2/1/2019,50.82849884,52.61600113,50.78549957,52.29249954,30652000
1511,3/1/2019,52.04999924,52.84899902,50.70349884,50.8030014,36822000
1512,4/1/2019,51.62950134,53.54199982,51.3708992,53.53549957,41878000
1513,7/1/2019,53.57500076,53.70000076,52.73799896,53.41949844,39638000
1514,8/1/2019,53.80550003,54.22800064,53.0265007,53.81399918,35298000
1515,9/1/2019,54.08250046,54.13150024,53.31999969,53.73300171,23986000
1516,10/1/2019,53.38299942,53.55749893,52.88550186,53.51649857,29128000
1517,11/1/2019,53.1590004,53.18875122,52.42399979,52.85950089,30416000
1518,14/1/2019,52.34600067,52.57649994,52.06275177,52.23450089,22886000
1519,15/1/2019,52.50849915,54.00249863,52.36700058,53.85749817,29272000
1520,16/1/2019,54,54.61875153,53.96699905,54.04850006,26636000
1521,17/1/2019,53.9734993,54.59000015,53.67499924,54.49499893,24854000
1522,18/1/2019,55,55.41759872,54.54499817,54.9129982,39112000
1523,22/1/2019,54.40000153,54.57550049,53.17350006,53.52600098,32270000
1524,23/1/2019,53.86750031,54.24649811,52.98749924,53.7784996,19340000
1525,24/1/2019,53.82400131,53.97375107,53.03499985,53.69499969,27226000
1526,25/1/2019,54.25,54.70000076,54.0909996,54.54949951,22382000
1527,28/1/2019,54.00550079,54.15000153,53.18999863,53.50400162,25686000
1528,29/1/2019,53.63399887,53.75749969,52.79325104,53.03099823,20436000
1529,30/1/2019,53.42150116,54.54999924,53.34249878,54.45299911,25596000
1530,31/1/2019,55.15000153,55.86650085,54.77050018,55.81850052,30766000
1531,1/2/2019,55.61999893,56.25,55.24449921,55.53749847,29244000
1532,4/2/2019,55.63299942,56.63999939,55.45100021,56.63999939,51530000
1533,5/2/2019,56.24200058,57.34249878,55.86240005,57.29949951,71044000
1534,6/2/2019,56.97850037,57.34999847,55.63850021,55.76150131,42112000
1535,7/2/2019,55.20800018,55.24200058,54.29999924,54.9355011,40896000
1536,8/2/2019,54.34999847,54.94549942,54.32749939,54.75299835,21516000
1537,11/2/2019,54.84749985,55.29724884,54.64300156,54.75049973,21304000
1538,12/2/2019,55.34000015,56.26475143,55.29249954,56.06850052,32182000
1539,13/2/2019,56.24950027,56.73649979,55.92499924,56.00799942,20996000
1540,14/2/2019,55.90250015,56.41149902,55.52225113,56.08349991,18952000
1541,15/2/2019,56.50400162,56.58349991,55.53250122,55.68249893,28996000
1542,19/2/2019,55.5,56.0945015,55.5,55.9280014,20928000
1543,20/2/2019,55.99950027,56.17050171,55.26399994,55.68999863,21756000
1544,21/2/2019,55.54199982,55.59700012,54.62599945,54.8484993,28302000
1545,22/2/2019,55.04499817,55.56200027,54.77999878,55.51850128,20990000
1546,25/2/2019,55.79999924,55.92699814,55.36349869,55.47000122,28262000
1547,26/2/2019,55.28749847,55.9754982,54.99599838,55.75650024,29426000
1548,27/2/2019,55.34749985,55.89899826,55.04999924,55.80250168,19368000
1549,28/2/2019,55.56499863,56.38249969,55.55049896,55.99599838,30850000
1550,1/3/2019,56.24499893,57.14849854,56.23749924,57.04949951,29006000
1551,4/3/2019,57.34949875,57.91400146,56.53450012,57.38999939,28920000
1552,5/3/2019,57.50299835,58.48049927,57.3097496,58.10150146,28864000
1553,6/3/2019,58.12450027,58.37829971,57.7745018,57.89300156,21986000
1554,7/3/2019,57.7859993,57.83774948,56.74549866,57.16500092,23332000
1555,8/3/2019,56.33649826,57.35400009,56.16500092,57.11600113,24248000
1556,11/3/2019,57.22249985,58.80950165,57.22249985,58.7879982,34384000
1557,12/3/2019,58.9129982,60,58.9129982,59.65999985,40262000
1558,13/3/2019,60.03224945,60.04650116,59.59700012,59.66600037,28718000
1559,14/3/2019,59.7254982,59.89400101,59.22399902,59.27750015,23456000
1560,15/3/2019,59.66899872,59.82849884,59.13050079,59.22299957,49236000
1561,18/3/2019,59.16500092,59.5,58.87105179,59.21300125,25852000
1562,19/3/2019,59.44049835,60,59.29349899,59.94250107,30414000
1563,20/3/2019,59.86750031,61.35699844,59.80849838,61.19850159,44548000
1564,21/3/2019,60.79999924,61.58950043,60.65750122,61.57699966,24080000
1565,22/3/2019,61.31600189,61.5,60.14125061,60.27500153,34284000
1566,25/3/2019,59.8465004,60.31990051,59.35200119,59.65000153,29936000
1567,26/3/2019,59.92649841,60.14149857,58.83599854,59.23099899,38024000
1568,27/3/2019,59.27500153,59.37794876,57.96849823,58.65100098,28004000
1569,28/3/2019,58.57699966,58.57825089,57.97154999,58.42449951,19234000
1570,29/3/2019,58.74499893,58.94950104,58.14400101,58.66550064,25398000
1571,1/4/2019,59.20500183,59.83300018,59.09999847,59.7215004,25050000
1572,2/4/2019,59.76599884,60.06750107,59.28549957,60.0245018,16558000
1573,3/4/2019,60.37400055,60.81499863,60.02500153,60.29600143,20286000
1574,4/4/2019,60.29700089,60.78350067,60.20650101,60.75,19000000
1575,5/4/2019,60.74950027,60.81100082,60.25149918,60.35749817,18144000
1576,8/4/2019,60.39450073,60.43450165,59.99300003,60.19200134,17204000
1577,9/4/2019,59.79999924,60.11449814,59.65399933,59.86249924,17528000
1578,10/4/2019,60.0340004,60.18925095,59.82175064,60.10800171,14492000
1579,11/4/2019,60.19800186,60.39799881,60.00650024,60.23099899,14204000
1580,12/4/2019,60.5,60.91749954,60.4054985,60.89350128,18668000
1581,15/4/2019,60.90000153,61.20999908,60.45550156,61.05500031,23748000
1582,16/4/2019,61.25,61.54100037,61.00600052,61.35649872,17126000
1583,17/4/2019,61.65000153,62.02799988,61.39099884,61.81700134,24438000
1584,18/4/2019,61.95899963,62.09999847,61.73049927,61.81850052,26636000
1585,22/4/2019,61.79949951,62.45449829,61.41550064,62.44200134,16146000
1586,23/4/2019,62.53450012,63.45000076,62.31900024,63.22750092,26398000
1587,24/4/2019,63.20600128,63.40050125,62.75,62.79999924,20376000
1588,25/4/2019,63.23849869,63.37039948,62.60150146,63.17250061,22146000
1589,26/4/2019,63.45000076,63.6534996,63.01599884,63.60900116,24828000
1590,29/4/2019,63.70000076,64.46350098,63.31475067,64.3789978,49988000
1591,30/4/2019,59.25,59.64049911,58.75,59.42399979,124140000
1592,1/5/2019,59.40250015,59.40250015,58.35900116,58.40399933,52784000
1593,2/5/2019,58.38800049,58.70949936,57.75009918,58.13050079,38896000
1594,3/5/2019,58.68249893,59.34000015,58.45000076,59.27000046,39614000
1595,6/5/2019,58.31299973,59.54249954,58.31299973,59.4695015,31278000
1596,7/5/2019,59.02349854,59.52199936,58.05199814,58.70500183,31028000
1597,8/5/2019,58.6004982,59.02119827,58.28699875,58.31349945,26186000
1598,9/5/2019,57.95149994,58.48300171,57.54249954,58.11899948,23714000
1599,10/5/2019,58.17950058,58.63000107,57.125,58.21350098,26290000
1600,13/5/2019,57.09799957,57.39699936,56.10549927,56.60150146,37212000
1601,14/5/2019,56.86050034,57.02099991,55.97750092,56.02199936,36732000
1602,15/5/2019,55.89350128,58.56650162,55.83330154,58.21049881,45786000
1603,16/5/2019,58.2254982,59.40800095,58.14199829,58.94900131,30628000
1604,17/5/2019,58.42350006,59.00749969,58.00049973,58.11500168,24172000
1605,20/5/2019,57.22499847,57.33985138,56.57215118,56.94250107,27066000
1606,21/5/2019,57.42449951,57.63539886,56.89699936,57.48149872,23196000
1607,22/5/2019,57.33750153,57.92599869,57.29449844,57.57099915,18290000
1608,23/5/2019,57.02500153,57.29864883,56.46120071,57.03850174,23978000
1609,24/5/2019,57.36800003,57.48825073,56.58300018,56.67350006,22240000
1610,28/5/2019,56.70000076,57.57934952,56.65599823,56.70750046,27300000
1611,29/5/2019,56.37599945,56.45500183,55.4109993,55.82300186,30764000
1612,30/5/2019,55.77700043,56.15650177,55.60599899,55.89749908,19038000
1613,31/5/2019,55.0644989,55.47999954,55.00899887,55.18149948,30156000
1614,3/6/2019,53.27500153,53.27500153,51.25,51.81150055,102612000
1615,4/6/2019,52.14500046,52.80250168,51.68450165,52.65250015,56670000
1616,5/6/2019,52.57699966,52.67750168,51.5245018,52.11100006,43368000
1617,6/6/2019,52.24950027,52.37450027,51.68500137,52.21699905,34064000
1618,7/6/2019,52.53150177,53.54600143,52.41999817,53.30199814,36048000
1619,10/6/2019,53.64899826,54.63299942,53.61610031,54.01900101,29284000
1620,11/6/2019,54.69900131,55.09949875,53.88014984,53.93600082,28734000
1621,12/6/2019,53.90000153,54.04650116,53.3769989,53.85150146,21220000
1622,13/6/2019,54.18199921,54.70849991,54.00749969,54.43849945,21154000
1623,14/6/2019,54.32099915,54.6344986,54.00859833,54.26750183,22230000
1624,17/6/2019,54.31399918,54.95899963,54.31399918,54.625,18832000
1625,18/6/2019,55.48450089,55.81949997,54.94950104,55.18000031,27734000
1626,19/6/2019,55.27999878,55.34999847,54.67399979,55.11650085,26776000
1627,20/6/2019,55.99950027,56.00600052,55.23699951,55.57099915,25240000
1628,21/6/2019,55.4620018,56.20550156,55.40399933,56.09400177,38952000
1629,24/6/2019,55.98049927,56.09999847,55.55049896,55.77600098,27912000
1630,25/6/2019,55.63299942,55.71749878,54.18999863,54.31750107,30938000
1631,26/6/2019,54.32500076,54.64849854,53.61199951,53.99000168,36218000
1632,27/6/2019,54.20000076,54.35499954,53.76449966,53.80049896,20086000
1633,28/6/2019,53.81949997,54.04999924,53.66849899,54.04550171,33864000
1634,1/7/2019,54.90000153,55.37900162,54.68515015,54.89749908,28726000
1635,2/7/2019,55.11199951,55.58850098,54.90850067,55.5625,19832000
1636,3/7/2019,55.87049866,56.33800125,55.69300079,56.07899857,15340000
1637,5/7/2019,55.88999939,56.64400101,55.80699921,56.57949829,25286000
1638,8/7/2019,56.25849915,56.29899979,55.5605011,55.81750107,24728000
1639,9/7/2019,55.59000015,56.40124893,55.35850143,56.24150085,26608000
1640,10/7/2019,56.56100082,57.10250092,56.54850006,57.02399826,24190000
1641,11/7/2019,57.16249847,57.6534996,56.97900009,57.21049881,23910000
1642,12/7/2019,57.19950104,57.36700058,56.93899918,57.24499893,17280000
1643,15/7/2019,57.3429985,57.54100037,56.97000122,57.51699829,18076000
1644,16/7/2019,57.29999924,57.92900085,57.25,57.67900085,24776000
1645,17/7/2019,57.54850006,57.91799927,57.28850174,57.31750107,23400000
1646,18/7/2019,57.0870018,57.38024902,56.63650131,57.31650162,25814000
1647,19/7/2019,57.40950012,57.55699921,56.48099899,56.50500107,32944000
1648,22/7/2019,56.67250061,56.96250153,56.2120018,56.9034996,26030000
1649,23/7/2019,57.20000076,57.34500122,56.59000015,57.3105011,21874000
1650,24/7/2019,56.59500122,57.20000076,56.34949875,56.89049911,31796000
1651,25/7/2019,56.89099884,57.08499908,56.04600143,56.60599899,44196000
1652,26/7/2019,61.20199966,63.27750015,61.20000076,62.52050018,96116000
1653,29/7/2019,62.05250168,62.36849976,61.41149902,61.97050095,44474000
1654,30/7/2019,61.27050018,61.74349976,61.16500092,61.25699997,29066000
1655,31/7/2019,61.15000153,61.70000076,60.38819885,60.83399963,34510000
1656,1/8/2019,60.70149994,61.70550156,60.2859993,60.45050049,33970000
1657,2/8/2019,60.03699875,60.34500122,59.4469986,59.69950104,32902000
1658,5/8/2019,58.5019989,58.76200104,57.00699997,57.61600113,51950000
1659,6/8/2019,58.16550064,58.9980011,58,58.49750137,34188000
1660,7/8/2019,57.79999924,58.92224884,57.48120117,58.69950104,28886000
1661,8/8/2019,59.14149857,60.25049973,58.65100098,60.24000168,29360000
1662,9/8/2019,59.8995018,60.19400024,59.18014908,59.40050125,21314000
1663,12/8/2019,58.96049881,59.2480011,58.38359833,58.73550034,20060000
1664,13/8/2019,58.57300186,60.23899841,58.57300186,59.86349869,25888000
1665,14/8/2019,58.81549835,59.11500168,58.02700043,58.21450043,31574000
1666,15/8/2019,58.17499924,58.79199982,58.10549927,58.36299896,24374000
1667,16/8/2019,58.97750092,59.13600159,58.59049988,58.88000107,26266000
1668,19/8/2019,59.50450134,60.34949875,59.50450134,59.92250061,24632000
1669,20/8/2019,59.76250076,59.8030014,59.10549927,59.1344986,18310000
1670,21/8/2019,59.65750122,59.95000076,59.37149811,59.5625,14814000
1671,22/8/2019,59.70349884,59.90060043,58.92900085,59.47650146,18950000
1672,23/8/2019,59.09949875,59.70399857,57.38750076,57.5644989,33740000
1673,26/8/2019,57.86299896,58.4734993,57.64799881,58.44449997,24522000
1674,27/8/2019,59.0265007,59.11999893,58.07249832,58.39199829,21544000
1675,28/8/2019,58.08549881,58.82099915,57.86500168,58.55099869,16040000
1676,29/8/2019,59.05599976,59.8030014,59.05599976,59.64250183,21768000
1677,30/8/2019,59.92499924,59.92499924,59.19015121,59.40499878,22596000
1678,3/9/2019,58.85150146,59.3445015,58.15999985,58.41949844,29598000
1679,4/9/2019,58.83549881,59.17399979,58.54999924,59.07049942,21378000
1680,5/9/2019,59.57649994,60.65200043,59.57649994,60.56900024,28162000
1681,6/9/2019,60.40650177,60.60074997,60.12609863,60.24649811,21442000
1682,9/9/2019,60.20000076,61,59.63100052,60.22050095,29438000
1683,10/9/2019,59.75749969,60.5,59.72900009,60.29999924,25202000
1684,11/9/2019,60.17050171,61.13000107,60.11000061,61.00849915,26140000
1685,12/9/2019,61.21500015,62.0929985,61.15100098,61.71250153,34518000
1686,13/9/2019,61.56750107,62.04399872,61.3504982,61.97800064,26028000
1687,16/9/2019,61.47600174,61.97800064,61.2804985,61.56499863,21066000
1688,17/9/2019,61.52000046,61.75,61.18450165,61.45750046,19102000
1689,18/9/2019,61.37549973,61.7804985,60.82649994,61.62049866,22702000
1690,19/9/2019,61.60300064,62.22200012,61.60100174,61.9355011,19920000
1691,20/9/2019,61.65599823,62.16600037,61.15399933,61.49649811,45400000
1692,23/9/2019,61.29999924,61.95449829,61.20849991,61.70149994,21248000
1693,24/9/2019,62,62.3370018,60.5340004,60.93799973,31664000
1694,25/9/2019,60.79100037,62.41500092,60.50450134,62.32600021,29060000
1695,26/9/2019,62.09799957,62.25,61.61339951,62.06949997,30760000
1696,27/9/2019,62.15050125,62.20100021,60.72249985,61.25450134,27078000
1697,30/9/2019,61.04850006,61.29999924,60.61500168,60.95000076,28082000
1698,1/10/2019,60.95000076,61.56150055,60.17900085,60.25500107,25470000
1699,2/10/2019,59.84899902,59.84899902,58.5644989,58.83150101,32302000
1700,3/10/2019,59,59.45299911,58.12149811,59.39149857,32424000
1701,4/10/2019,59.5945015,60.5719986,59.45849991,60.45000076,23248000
1702,7/10/2019,60.22000122,60.91019821,60.1875,60.38399887,16858000
1703,8/10/2019,59.87950134,60.30400085,59.45050049,59.45650101,20786000
1704,9/10/2019,59.96749878,60.41749954,59.88150024,60.1155014,17354000
1705,10/10/2019,59.92900085,60.75,59.86700058,60.43349838,16932000
1706,11/10/2019,61.11050034,61.41949844,60.68700027,60.77249908,25454000
1707,14/10/2019,60.61700058,61.31650162,60.58800125,60.85699844,17350000
1708,15/10/2019,61.02000046,62.36650085,61.02000046,62.15050125,27634000
1709,16/10/2019,62.05849838,62.73699951,61.92250061,62.18199921,21892000
1710,17/10/2019,62.54650116,63.16624832,62.49700165,62.6534996,19048000
1711,18/10/2019,62.67300034,62.94449997,62.05400085,62.2745018,27056000
1712,21/10/2019,62.61299896,62.73144913,62.02999878,62.30749893,20544000
1713,22/10/2019,62.39250183,62.52999878,62.06900024,62.13999939,20476000
1714,23/10/2019,62.11800003,62.99449921,62.11800003,62.95650101,18230000
1715,24/10/2019,63.04499817,63.20000076,62.68574905,63.04949951,20562000
1716,25/10/2019,62.55149841,63.47999954,62.50049973,63.25650024,24262000
1717,28/10/2019,63.77249908,64.96549988,63.6269989,64.5,52264000
1718,29/10/2019,63.81150055,64.07949829,62.86059952,63.13100052,37728000
1719,30/10/2019,62.64849854,63.4679985,62.59999847,63.0644989,28178000
1720,31/10/2019,63.06399918,63.38349915,62.54214859,63.00550079,29114000
1721,1/11/2019,63.25,63.73099899,63.02500153,63.68700027,33402000
1722,4/11/2019,63.82249832,64.70649719,63.81774902,64.5684967,30020000
1723,5/11/2019,64.64450073,64.94650269,64.56144714,64.60150146,25654000
1724,6/11/2019,64.47299957,64.68650055,64.125,64.58999634,23060000
1725,7/11/2019,64.71399689,66.18699646,64.71224976,65.44300079,40600000
1726,8/11/2019,65.26399994,65.90000153,65.21824646,65.5684967,25028000
1727,11/11/2019,65.15899658,65.32125092,64.87049866,64.95950317,20238000
1728,12/11/2019,65,65.5,64.78849792,64.94000244,21718000
1729,13/11/2019,64.70349884,65.21499634,64.67549896,64.90000153,16534000
1730,14/11/2019,64.875,65.84999847,64.78250122,65.57299805,23870000
1731,15/11/2019,65.9469986,66.7440033,65.71399689,66.74349976,35652000
1732,18/11/2019,66.61100006,66.77645111,65.875,66.03500366,29748000
1733,19/11/2019,66.38500214,66.38500214,65.63999939,65.77300262,25384000
1734,20/11/2019,65.58699799,65.75,64.55750275,65.15249634,26172000
1735,21/11/2019,65.0739975,65.62950134,64.65000153,65.06749725,19910000
1736,22/11/2019,65.28099823,65.43650055,64.57050323,64.76699829,27714000
1737,25/11/2019,64.95899963,65.56549835,64.90650177,65.33450317,20724000
1738,26/11/2019,65.49299622,65.73999786,65.25450134,65.67749786,21394000
1739,27/11/2019,65.75,65.91799927,65.48149872,65.64949799,19912000
1740,29/11/2019,65.35600281,65.51024628,65.19850159,65.2480011,11740000
1741,2/12/2019,65.05000305,65.29149628,64.05000305,64.4960022,30218000
1742,3/12/2019,63.97850037,64.92304993,63.95000076,64.76399994,22876000
1743,4/12/2019,65.35050201,66.29000092,65.24349976,66.02700043,30750000
1744,5/12/2019,66.40000153,66.46790314,65.8219986,66.40650177,24254000
1745,6/12/2019,66.67199707,67.19999695,66.67199707,67.03099823,26296000
1746,9/12/2019,66.90200043,67.97250366,66.89199829,67.1780014,27086000
1747,10/12/2019,67.07499695,67.49874878,66.80200195,67.23300171,21882000
1748,11/12/2019,67.54199982,67.55999756,67.13349915,67.25099945,17008000
1749,12/12/2019,67.29699707,67.78874969,67.02500153,67.5134964,25620000
1750,13/12/2019,67.39749908,67.65464783,67.1934967,67.39150238,30992000
1751,16/12/2019,67.82499695,68.23400116,67.63349915,68.0585022,27946000
1752,17/12/2019,68.14450073,68.25,67.56614685,67.7559967,37080000
1753,18/12/2019,67.83000183,68.02349854,67.55000305,67.6309967,30452000
1754,19/12/2019,67.59100342,67.90499878,67.44924927,67.80200195,29398000
1755,20/12/2019,68.16750336,68.18199921,67.44999695,67.47949982,66300000
1756,23/12/2019,67.79350281,67.98999786,67.32550049,67.44200134,17662000
1757,24/12/2019,67.42500305,67.51300049,67.13899994,67.1780014,6950000
1758,26/12/2019,67.3085022,68.06635284,67.22350311,68.01999664,13350000
1759,27/12/2019,68.14949799,68.22650146,67.46549988,67.59449768,20768000
1760,30/12/2019,67.5,67.65000153,66.7009964,66.80699921,21018000
1761,31/12/2019,66.50550079,66.90000153,66.45424652,66.85099792,19236000
1762,2/1/2020,67.07749939,68.40699768,67.07749939,68.36849976,28132000
1763,3/1/2020,67.39299774,68.625,67.27719879,68.03299713,23728000
1764,6/1/2020,67.5,69.82499695,67.5,69.71050262,34646000
1765,7/1/2020,69.89700317,70.14949799,69.51899719,69.66699982,30054000
1766,8/1/2020,69.60399628,70.57900238,69.54199982,70.21600342,30560000
1767,9/1/2020,71.02850342,71.36650085,70.5134964,70.99150085,30018000
1768,10/1/2020,71.37799835,71.74645233,70.91750336,71.4865036,36414000
1769,13/1/2020,71.8065033,72.02600098,71.3010025,71.96150208,33046000
1770,14/1/2020,71.95050049,72.08999634,71.41850281,71.54399872,31178000
1771,15/1/2020,71.51049805,72.06974792,71.51049805,71.95999908,25654000
1772,16/1/2020,72.37200165,72.59950256,72.04599762,72.58499908,23474000
1773,17/1/2020,73.14550018,74.06475067,72.91100311,74.01950073,47924000
1774,21/1/2020,73.95600128,74.59249878,73.55999756,74.22000122,40734000
1775,22/1/2020,74.55000305,75.16069794,74.24649811,74.29750061,32216000
1776,23/1/2020,74.38200378,74.77600098,74.10500336,74.33249664,27024000
1777,24/1/2020,74.67949677,74.77474976,73.26249695,73.33550262,35692000
1778,27/1/2020,71.55000305,71.90350342,71.05999756,71.69499969,35104000
1779,28/1/2020,72.15000153,72.80000305,71.62349701,72.62799835,31548000
1780,29/1/2020,72.94000244,73.27149963,72.33699799,72.9315033,21554000
1781,30/1/2020,71.9980011,72.86399841,71.81999969,72.79199982,26788000
1782,31/1/2020,73.44499969,73.50650024,71.42649841,71.71150208,48344000
1783,3/2/2020,73.09999847,74.5,72.94950104,74.29699707,60736000
1784,4/2/2020,72.85350037,73.47499847,71.31500244,72.35350037,78660000
1785,5/2/2020,73.1210022,73.19200134,71.52799988,72.41149902,39724000
1786,6/2/2020,72.51650238,74.09999847,72.47850037,73.81150055,33588000
1787,7/2/2020,73.36499786,74.29199982,73.31749725,73.96150208,23446000
1788,10/2/2020,73.71600342,75.47499847,73.71600342,75.43399811,28398000
1789,11/2/2020,75.59049988,76.48149872,75.2818985,75.4394989,26892000
1790,12/2/2020,75.72399902,76.03475189,75.40550232,75.91349792,23352000
1791,13/2/2020,75.6344986,76.35900116,75.23000336,75.73300171,18590000
1792,14/2/2020,75.77999878,76.03700256,75.36699677,76.03700256,23956000
1793,18/2/2020,75.75,76.58149719,75.62950134,75.98349762,22414000
1794,19/2/2020,76.25350189,76.6053009,76.06999969,76.33450317,18986000
1795,20/2/2020,76.09999847,76.48200226,75.34100342,75.90750122,21932000
1796,21/2/2020,75.40149689,75.61074829,74.02200317,74.25550079,34634000
1797,24/2/2020,71.30549622,71.84850311,70.56950378,71.07949829,57342000
1798,25/2/2020,71.65000153,71.90699768,69.12000275,69.42250061,49566000
1799,26/2/2020,69.80699921,70.78500366,68.94999695,69.65899658,44048000
1800,27/2/2020,68.10299683,68.58519745,65.85849762,65.90450287,59566000
1801,28/2/2020,63.875,67.05699921,63.54999924,66.96649933,75782000
1802,2/3/2020,67.58049774,69.54350281,66.34075165,69.45549774,48630000
1803,3/3/2020,69.97100067,70.50749969,66.59999847,67.06950378,48046000
1804,4/3/2020,67.96150208,69.40450287,67.15550232,69.3259964,38266000
1805,5/3/2020,67.51000214,67.94550323,65.25499725,65.95200348,51226000
1806,6/3/2020,63.85300064,65.31099701,63.05250168,64.92050171,53212000
1807,9/3/2020,60.26499939,62.73799896,60,60.77799988,67308000
1808,10/3/2020,63,64.05750275,60.93849945,64.01950073,52228000
1809,11/3/2020,62.48500061,63.04800034,59.80350113,60.77050018,52170000
1810,12/3/2020,56.29999924,59.69350052,55.66500092,55.74549866,84534000
1811,13/3/2020,58.95000076,60.98799896,55.85715103,60.98649979,74002000
1812,16/3/2020,54.79999924,57.61334991,53.72200012,54.21649933,85048000
1813,17/3/2020,54.6554985,56.54299927,52.80049896,55.99000168,77230000
1814,18/3/2020,52.82550049,55.32500076,51.86399841,54.84000015,84668000
1815,19/3/2020,54.65250015,57.89849854,53.00540161,55.76449966,73022000
1816,20/3/2020,56.7859993,57.19950104,53.2745018,53.61600113,72036000
1817,23/3/2020,53.06600189,53.56600189,50.67679977,52.83100128,80882000
1818,24/3/2020,55.18849945,56.75,54.53099823,56.72299957,66890000
1819,25/3/2020,56.32350159,57.44499969,54.30049896,55.12450027,81630000
1820,26/3/2020,55.59000015,58.49850082,54.67649841,58.08750153,71434000
1821,27/3/2020,56.28350067,57.53350067,55.29550171,55.53549957,64170000
1822,30/3/2020,56.2519989,57.58150101,54.82400131,57.3409996,51482000
1823,31/3/2020,57.36500168,58.76549911,56.9070015,58.14049911,49728000
1824,1/4/2020,56.09999847,56.48450089,54.87250137,55.28099823,46884000
1825,2/4/2020,54.9129982,56.3429985,54.81999969,56.04199982,39298000
1826,3/4/2020,55.95074844,56.17699814,53.9905014,54.89400101,46268000
1827,6/4/2020,56.90000153,59.73300171,56.54700089,59.34600067,53294000
1828,7/4/2020,61.04999924,61.25,59.11149979,59.32550049,47746000
1829,8/4/2020,60.32500076,60.95349884,59.40800095,60.51399994,39502000
1830,9/4/2020,61.20399857,61.2784996,59.83675003,60.57249832,43508000
1831,13/4/2020,60.45899963,61.02550125,59.37990189,60.87799835,34796000
1832,14/4/2020,62.25450134,64.10350037,61.8465004,63.46149826,49408000
1833,15/4/2020,62.2804985,64.02300262,62.02000046,63.12350082,33434000
1834,16/4/2020,63.70500183,63.95000076,62.13100052,63.17350006,50362000
1835,17/4/2020,64.24250031,64.72149658,63.56150055,64.16249847,38980000
1836,20/4/2020,63.54999924,64.08000183,63.06850052,63.33050156,33910000
1837,21/4/2020,62.34999847,62.71350098,60.48550034,60.81700134,43060000
1838,22/4/2020,62.27700043,64.28064728,62.09999847,63.16049957,41848000
1839,23/4/2020,63.57749939,64.66549683,63.28350067,63.81549835,31324000
1840,24/4/2020,63.05849838,64.01999664,62.47249985,63.96549988,32792000
1841,27/4/2020,64.80000305,64.80750275,63.45000076,63.79399872,32012000
1842,28/4/2020,64.39649963,64.40249634,61.61000061,61.68349838,59026000
1843,29/4/2020,67.07299805,67.99949646,66.26699829,67.0739975,75872000
1844,30/4/2020,66.2440033,67.64099884,66.12449646,67.43299866,53378000
1845,1/5/2020,66.42500305,67.60350037,65.55000305,66.03050232,41450000
1846,4/5/2020,65.41149902,66.38300323,64.94999695,66.33999634,30080000
1847,5/5/2020,66.89600372,68.6969986,66.8730011,67.55549622,33030000
1848,6/5/2020,68.08450317,68.55599976,67.36450195,67.36499786,24308000
1849,7/5/2020,68.29699707,68.87999725,67.7634964,68.62799835,27952000
1850,8/5/2020,69.15650177,69.93800354,68.77400208,69.41850281,27738000
1851,11/5/2020,68.91400146,70.82649994,68.85759735,70.16300201,28242000
1852,12/5/2020,70.35600281,70.75,68.7385025,68.78700256,27812000
1853,13/5/2020,68.85250092,69.27410126,66.41999817,67.46649933,36252000
1854,14/5/2020,66.75099945,67.8710022,66.19550323,67.8065033,32062000
1855,15/5/2020,67.5,68.72399902,66.94999695,68.65950012,34154000
1856,18/5/2020,68.08750153,69.61624908,67.71250153,69.1969986,36448000
1857,19/5/2020,69.34985352,69.59999847,68.67424774,68.67424774,25612000
1858,20/5/2020,69.47899628,70.52100372,69.36250305,70.33599854,33108000
1859,21/5/2020,70.40000153,70.77449799,69.67250061,70.13999939,27700000
1860,22/5/2020,69.83550262,70.63800049,69.59149933,70.52100372,26188000
1861,26/5/2020,71.8635025,72.05000305,70.60649872,70.85099792,41212000
1862,27/5/2020,70.86250305,71.08699799,69.5644989,70.89199829,33716000
1863,28/5/2020,69.84300232,72.04199982,69.80000305,70.83650208,33844000
1864,29/5/2020,70.84700012,71.62850189,70.66750336,71.44599915,36418000
1865,1/6/2020,70.91950226,71.89800262,70.90000153,71.59100342,24342000
1866,2/6/2020,71.52749634,71.98049927,70.9414978,71.96099854,25562000
1867,3/6/2020,71.91500092,72.32759857,71.48885345,71.81900024,25124000
1868,4/6/2020,71.51999664,71.94799805,70.2365036,70.60900116,29686000
1869,5/6/2020,70.65850067,72.25250244,70.30000305,71.91950226,34698000
1870,8/6/2020,71.11699677,72.39949799,71.11699677,72.33049774,28084000
1871,9/6/2020,72.26799774,73.40000153,72.16049957,72.80799866,28184000
1872,10/6/2020,72.97699738,73.71295166,72.81349945,73.29250336,30504000
1873,11/6/2020,72.12400055,72.72374725,70.09999847,70.19200134,39826000
1874,12/6/2020,71.42449951,71.84999847,69.3010025,70.65899658,38928000
1875,15/6/2020,69.54000092,71.23999786,69.39600372,70.99250031,30078000
1876,16/6/2020,72.26100159,72.75099945,71.29499817,72.13600159,34184000
1877,17/6/2020,72.35800171,73,71.56900024,72.55599976,30992000
1878,18/6/2020,72.45800018,72.57050323,71.35050201,71.79799652,31638000
1879,19/6/2020,72.19999695,72.38999939,71.06749725,71.58599854,63158000
1880,22/6/2020,71.44999695,72.63749695,71.16049957,72.59300232,30848000
1881,23/6/2020,72.78199768,73.79705048,72.26200104,73.22049713,28596000
1882,24/6/2020,73.07550049,73.77100372,71.48750305,71.59850311,35120000
1883,25/6/2020,71.49500275,72.14499664,71,72.0664978,24610000
1884,26/6/2020,71.56950378,71.67250061,67.59950256,67.99500275,85354000
1885,29/6/2020,67.90899658,69.77999878,67.35050201,69.74849701,36204000
1886,30/6/2020,69.52200317,70.93250275,69.19799805,70.68049622,40848000
1887,1/7/2020,70.55500031,72.15000153,70.49099731,71.90200043,35504000
1888,2/7/2020,72.34700012,74.14749908,72.32099915,73.23500061,37182000
1889,6/7/2020,74.00299835,75.32949829,73.64299774,74.78500366,31280000
1890,7/7/2020,74.5,75.83999634,74.17749786,74.25900269,29164000
1891,8/7/2020,74.71600342,75.29399872,74.28150177,74.80000305,24994000
1892,9/7/2020,75.32250214,76.13600159,74.4042511,75.54949951,28466000
1893,10/7/2020,75.30750275,77.1914978,74.82700348,77.08699799,37126000
1894,13/7/2020,77.5,78.8565979,75.26215363,75.56700134,36928000
1895,14/7/2020,74.51550293,76.14749908,74.17500305,76.02899933,31700000
1896,15/7/2020,76.15650177,76.76650238,74.90000153,75.68199921,32214000
1897,16/7/2020,75,75.93450165,74.31549835,75.90000153,30386000
1898,17/7/2020,76.08100128,76.17199707,74.92099762,75.77749634,29134000
1899,20/7/2020,75.76300049,78.51450348,75.18000031,78.28600311,31146000
1900,21/7/2020,79.34950256,79.34950256,77.71399689,77.92099762,24324000
1901,22/7/2020,78.02500153,78.5,77.30500031,78.42449951,18640000
1902,23/7/2020,78.34850311,78.59349823,75.36959839,75.78399658,32552000
1903,24/7/2020,74.94650269,75.88179779,74.41999817,75.59349823,30880000
1904,27/7/2020,75.77999878,77.04850006,75.76049805,76.51000214,24920000
1905,28/7/2020,76.25900269,76.3239975,74.88300323,75.01699829,34044000
1906,29/7/2020,75.31600189,76.56259918,75.0664978,76.10099792,22130000
1907,30/7/2020,74.84999847,76.89350128,74.61100006,76.57250214,33428000
1908,31/7/2020,75.25050354,75.44750214,72.70149994,74.14800262,68798000
1909,3/8/2020,74.33200073,74.52349854,73.28199768,73.72250366,46604000
1910,4/8/2020,73.82849884,74.27799988,72.93250275,73.24849701,38070000
1911,5/8/2020,73.46499634,74.12049866,73.17299652,73.68049622,39590000
1912,6/8/2020,73.58750153,75.11949921,73.30000305,75.00499725,39908000
1913,7/8/2020,75,75.84224701,74.08200073,74.72450256,31556000
1914,10/8/2020,74.35900116,75.20375061,73.65399933,74.80500031,25786000
1915,11/8/2020,74.62200165,75.5,73.90000153,74.01599884,29088000
1916,12/8/2020,74.27899933,75.61930084,74.26249695,75.33100128,28740000
1917,13/8/2020,75.51699829,76.86250305,75.4002533,75.92250061,29104000
1918,14/8/2020,75.78299713,76.09500122,75.14399719,75.3864975,27096000
1919,17/8/2020,75.73349762,76.28050232,75.39849854,75.89900208,27566000
1920,18/8/2020,76.30899811,78.12349701,76.1855011,77.93000031,40542000
1921,19/8/2020,77.66549683,78.68399811,77.19750214,77.37650299,33212000
1922,20/8/2020,77.17250061,79.29350281,76.91000366,79.08750153,34138000
1923,21/8/2020,78.85150146,79.88600159,78.4002533,79.02100372,28930000
1924,24/8/2020,79.6989975,80.70850372,79.02850342,79.41000366,28198000
1925,25/8/2020,79.10350037,80.58100128,79.10350037,80.41100311,44942000
1926,26/8/2020,80.40000153,82.96099854,80.18000031,82.6190033,79868000
1927,27/8/2020,82.68399811,82.75,81.28749847,81.71649933,37232000
1928,28/8/2020,81.67449951,82.35849762,81.53749847,82.22049713,29980000
1929,31/8/2020,82.39450073,82.39824677,81.51550293,81.70899963,36468000
1930,1/9/2020,81.83149719,83.28649902,81.61100006,83.03549957,36506000
1931,2/9/2020,83.68875122,86.65899658,83.3164978,86.41400146,50224000
1932,3/9/2020,85.48570251,85.48570251,80.75299835,82.09200287,62156000
1933,4/9/2020,81.21299744,82.25550079,77.38065338,79.55200195,52172000
1934,8/9/2020,76.67549896,78.19325256,76.40049744,76.61949921,52218000
1935,9/9/2020,77.87650299,78.44999695,76.80255127,77.84799957,35494000
1936,10/9/2020,78.03199768,79.20404816,76.29025269,76.60099792,32372000
1937,11/9/2020,76.80000305,78.76000214,74.86799622,76.03600311,31942000
1938,14/9/2020,76.95024872,78.19999695,75.78700256,75.96399689,33932000
1939,15/9/2020,76.80000305,77.97850037,76.5917511,77.0719986,26622000
1940,16/9/2020,77.77700043,78.09999847,75.99099731,76.04499817,26234000
1941,17/9/2020,74.80000305,75.41490173,73.5,74.77649689,37596000
1942,18/9/2020,74.90049744,75.15014648,71.85649872,72.99949646,62078000
1943,21/9/2020,72.00299835,72.41799927,70.32749939,71.55799866,57776000
1944,22/9/2020,72.50450134,73.47599792,71.72650146,73.27300262,31664000
1945,23/9/2020,72.93900299,73.04799652,70.38500214,70.76049805,33148000
1946,24/9/2020,70.55149841,72.18544769,70.49250031,71.41449738,29004000
1947,25/9/2020,71.63150024,72.5,70.66699982,72.2480011,26460000
1948,28/9/2020,73.71050262,73.83999634,72.46504974,73.22599792,40158000
1949,29/9/2020,73.51950073,73.83315277,72.94024658,73.46649933,19564000
1950,30/9/2020,73.33999634,74.48750305,72.9940033,73.48000336,34032000
1951,1/10/2020,74.21350098,74.95200348,73.96050262,74.50450134,35590000
1952,2/10/2020,73.10150146,74.16000366,72.54599762,72.92099762,25682000
1953,5/10/2020,73.3105011,74.41049957,73.21350098,74.3010025,22266000
1954,6/10/2020,73.77899933,74.33799744,72.42949677,72.67199707,24908000
1955,7/10/2020,73.21450043,73.44799805,71.80000305,73.01450348,34924000
1956,8/10/2020,73.25450134,74.5,73.25450134,74.29650116,23756000
1957,9/10/2020,74.73500061,75.8259964,74.47250366,75.76100159,28706000
1958,12/10/2020,77.15000153,79.69300079,76.62850189,78.45749664,49652000
1959,13/10/2020,79.18650055,79.5,78.16000366,78.58399963,32020000
1960,14/10/2020,78.92949677,79.38420105,77.52649689,78.40399933,38586000
1961,15/10/2020,77.35749817,78.75524902,77.25150299,77.95649719,30800000
1962,16/10/2020,78.29250336,79.0565033,78.15000153,78.65049744,28694000
1963,19/10/2020,79.02300262,79.40750122,76.40000153,76.73049927,32142000
1964,20/10/2020,76.35250092,78.875,76.28350067,77.79650116,44834000
1965,21/10/2020,78.66649628,80.93650055,78.58149719,79.66549683,51366000
1966,22/10/2020,79.65249634,81.09950256,79.25,80.76650238,28672000
1967,23/10/2020,81.30349731,82.11799622,81.02549744,82.05000305,27516000
1968,26/10/2020,81.25050354,81.91200256,78.82499695,79.52249908,37066000
1969,27/10/2020,79.78350067,80.34224701,79.13899994,80.21299744,24580000
1970,28/10/2020,77.98699951,78.06749725,75.73100281,75.83100128,36680000
1971,29/10/2020,76.11799622,79.6855011,76.11199951,78.36199951,40062000
1972,30/10/2020,83.60549927,84.34999847,80.22299957,81.05049896,86582000
1973,2/11/2020,81.40799713,83.03849792,80.80149841,81.30149841,50708000
1974,3/11/2020,81.58899689,83.08499908,80.83100128,82.51049805,33234000
1975,4/11/2020,85.51399994,88.56825256,85.30149841,87.45649719,71418000
1976,5/11/2020,89.05000305,89.68199921,87.52549744,88.16850281,41316000
1977,6/11/2020,87.69750214,88.62149811,87.01750183,88.08750153,33218000
1978,9/11/2020,89.54499817,90.90299988,88.00099945,88.15000153,45366000
1979,10/11/2020,86.55449677,88.15000153,85.86499786,87.01950073,52722000
1980,11/11/2020,87.5,88.21099854,87.36824799,87.63549805,25280000
1981,12/11/2020,87.38150024,88.41349792,87.27999878,87.49199677,24950000
1982,13/11/2020,87.88150024,89.05200195,87.22750092,88.85099792,29998000
1983,16/11/2020,88.58499908,89.95349884,88.3844986,89.06900024,24936000
1984,17/11/2020,88.84700012,89.25,88.34999847,88.50749969,22942000
1985,18/11/2020,88.2614975,88.67350006,87.30699921,87.33899689,23470000
1986,19/11/2020,86.91899872,88.47949982,86.85025024,88.19599915,24998000
1987,20/11/2020,88.26049805,88.69999695,87.09300232,87.10949707,46270000
1988,23/11/2020,87.48000336,87.69499969,85.88600159,86.74299622,43232000
1989,24/11/2020,86.52500153,88.58000183,86.3844986,88.44400024,31560000
1990,25/11/2020,88.64450073,88.92700195,87.82700348,88.57150269,20916000
1991,27/11/2020,88.65450287,90.19999695,88.62200165,89.65950012,17698000
1992,30/11/2020,89.05919647,89.40325165,87.75,88.03700256,36476000
1993,1/12/2020,88.71849823,91.24150085,88.46849823,89.90499878,34738000
1994,2/12/2020,89.90499878,91.78250122,89.47364807,91.39749908,24440000
1995,3/12/2020,91.20050049,92.36000061,91.13249969,91.33850098,24546000
1996,4/12/2020,91.22599792,91.65799713,90.84950256,91.39949799,27564000
1997,7/12/2020,90.94999695,91.61849976,90.28900146,90.97399902,26418000
1998,8/12/2020,90.50499725,91.09500122,89.81024933,90.92749786,21926000
1999,9/12/2020,90.60050201,91.71350098,88.39050293,89.20649719,30152000
2000,10/12/2020,88.48999786,89.06549835,87.01599884,88.76650238,27256000
2001,11/12/2020,88.15299988,89.22250366,88,89.08850098,24414000
2002,14/12/2020,88.75,89.86949921,87.86074829,88.00299835,32004000
2003,15/12/2020,88.22100067,88.57099915,87.49749756,88.3884964,29646000
2004,16/12/2020,88.64399719,88.65000153,87.80400085,88.15000153,30270000
2005,17/12/2020,88.42549896,88.58920288,86.93299866,87.39499664,32494000
2006,18/12/2020,87.70899963,87.75550079,86.01100159,86.55049896,80328000
2007,21/12/2020,85.67549896,87.04250336,84.94999695,86.96849823,36568000
2008,22/12/2020,86.72149658,86.87024689,85.62875366,86.17500305,18734000
2009,23/12/2020,86.40550232,87.39949799,86.2519989,86.6190033,20676000
2010,24/12/2020,86.75,87.30000305,86.45549774,86.94249725,6936000
2011,28/12/2020,87.58174896,89.53639984,87.31674957,88.80449677,27860000
2012,29/12/2020,89.38950348,89.62200165,87.80449677,87.93599701,25988000
2013,30/12/2020,88.10050201,88.25475311,86.27999878,86.97599792,26122000
2014,31/12/2020,86.77100372,87.94650269,86.77100372,87.59400177,20238000
2015,4/1/2021,87.8769989,88.03250122,85.39250183,86.41200256,38038000
2016,5/1/2021,86.25,87.38349915,85.90074921,87.04599762,22906000
2017,6/1/2021,85.13150024,87.40000153,84.94999695,86.76450348,52042000
2018,7/1/2021,87.00299835,89.41999817,86.85250092,89.36250305,45300000
2019,8/1/2021,89.39900208,90.49199677,88.67675018,90.36049652,41012000
2020,11/1/2021,89.30349731,89.71575165,88.02600098,88.33599854,24194000
2021,12/1/2021,87.69599915,88.90200043,86.26550293,87.32749939,27140000
2022,13/1/2021,86.92900085,88.25174713,86.90049744,87.72000122,21882000
2023,14/1/2021,87.68099976,88.75050354,86.66999817,87.00900269,23590000
2024,15/1/2021,86.90950012,87.80000305,86.07749939,86.80950165,26844000
2025,19/1/2021,87.61250305,90.46375275,87.07299805,89.54299927,34692000
2026,20/1/2021,91.57299805,95.1855011,91.27649689,94.34500122,49806000
2027,21/1/2021,94.90000153,96.74299622,94.35549927,94.5625,41278000
2028,22/1/2021,94.78399658,95.54750061,94.08799744,95.05249786,25442000
2029,25/1/2021,96.03350067,96.47899628,93.37650299,94.97000122,38546000
2030,26/1/2021,94.44200134,96.25,94.21224976,95.86199951,26262000
2031,27/1/2021,94.12650299,94.5,90.44999695,91.53949738,54966000
2032,28/1/2021,92.1969986,94.9414978,92.13200378,93.15550232,35462000
2033,29/1/2021,92.3085022,92.86399841,90.51000214,91.78700256,32252000
2034,1/2/2021,92.67849731,96.11959839,92.54650116,95.06749725,32044000
2035,2/2/2021,96.12799835,97.78800201,95.72450256,96.37550354,45474000
2036,3/2/2021,103.6500015,105.8249969,100.9189987,103.5035019,82364000
2037,4/2/2021,103.4445038,103.9274979,102.1295013,103.1184998,37046000
2038,5/2/2021,103.5,105.1255035,102.9664993,104.9000015,30702000
2039,8/2/2021,105.2955017,106.1773529,103.5999985,104.6455002,24838000
2040,9/2/2021,103.927002,105.2565002,103.927002,104.175499,17798000
2041,10/2/2021,104.7105026,105.4185028,103.1545029,104.7689972,22710000
2042,11/2/2021,104.975502,105.1015015,103.8659973,104.7945023,18914000
2043,12/2/2021,104.5124969,105.4410019,104.1565018,105.2054977,17114000
2044,16/2/2021,105.2180023,107.6340027,105.2180023,106.0950012,22676000
2045,17/2/2021,105,106.6829987,104.9459991,106.4154968,21418000
2046,18/2/2021,105.5195007,106.6367493,105.1855011,105.8600006,22432000
2047,19/2/2021,105.963501,106.5264969,104.8704987,105.0569992,29148000
2048,22/2/2021,103.3499985,104.5709991,103.1070023,103.2440033,27350000
2049,23/2/2021,101.2505035,104.100502,100.1009979,103.5429993,33348000
2050,24/2/2021,102.0914993,105.0390015,101.9065018,104.7584991,24966000
2051,25/2/2021,103.3724976,104.7440033,101.0644989,101.5680008,36568000
2052,26/2/2021,102.526001,103.550499,100.8030014,101.8430023,41670000
2053,1/3/2021,102.8259964,104.3259964,102.3050003,104.0755005,28090000
2054,2/3/2021,103.8095016,105.2184982,103.5630035,103.7919998,22692000
2055,3/3/2021,103.3604965,104.4259033,100.5,101.3355026,29684000
2056,4/3/2021,101.1685028,104.461998,101.0134964,102.4544983,42360000
2057,5/3/2021,103.6559982,105.9055023,102.3207474,105.427002,43904000
2058,8/3/2021,105.0565033,106.4404984,101.0804977,101.2085037,32948000
2059,9/3/2021,103.5,103.9020004,102.3915024,102.6350021,33946000
2060,10/3/2021,103.5879974,103.75,101.6685028,102.751503,25372000
2061,11/3/2021,103.7030029,106.2850037,103.6190033,105.7385025,24782000
2062,12/3/2021,104.25,104.5130005,102.3775024,103.0960007,34516000
2063,15/3/2021,103.1149979,103.3529968,102.175499,103.324501,25962000
2064,16/3/2021,103.949501,106.1780014,103.5,104.6259995,29832000
2065,17/3/2021,103.8014984,105.4889984,102.6999969,104.5540009,25980000
2066,18/3/2021,103.0500031,103.7750015,101.6774979,101.810997,27228000
2067,19/3/2021,102.1025009,102.6549988,100.8840027,102.1600037,46298000
2068,22/3/2021,102.0920029,102.899498,101.3034973,101.9294968,39096000
2069,23/3/2021,102.5849991,103.615097,101.9609985,102.6480026,27340000
2070,24/3/2021,103.2685013,103.9104996,102.0777512,102.2529984,23080000
2071,25/3/2021,102.2405014,102.9434967,100.536499,102.2180023,28378000
2072,26/3/2021,101.9430008,102.5494995,100.7009964,101.7774963,29870000
2073,29/3/2021,101.3939972,102.9215012,100.7809982,102.7975006,24596000
2074,30/3/2021,102.8815002,103.5390015,102.2014999,102.7770004,20732000
2075,31/3/2021,102.9560013,104.6663513,102.8372498,103.4315033,29198000
2076,1/4/2021,104.8974991,107.1470032,104.8444977,106.8874969,33980000
2077,5/4/2021,107.6470032,111.8655014,107.5810013,111.2774963,43298000
2078,6/4/2021,111.125,111.8830032,110.7399979,111.2375031,27060000
2079,7/4/2021,111.3065033,112.75,111.2665024,112.4840012,25798000
2080,8/4/2021,113.8980026,114.2002487,112.8840027,113.2720032,27166000
2081,9/4/2021,112.8349991,114.4520035,112.6856995,114.2939987,20888000
2082,12/4/2021,113.3125,113.7659988,111.9232483,112.739502,31318000
2083,13/4/2021,113.0735016,113.8604965,112.8044968,113.3635025,23310000
2084,14/4/2021,113.7580032,113.899498,112.4595032,112.7419968,20220000
2085,15/4/2021,113.848999,115.3298492,113.3000031,114.8330002,27472000
2086,16/4/2021,115.1500015,115.3219986,114.2225037,114.8880005,22596000
2087,19/4/2021,114.598999,115.9225006,114.3922501,115.1200027,24688000
2088,20/4/2021,115.3945007,115.4800034,113.5855026,114.6815033,21774000
2089,21/4/2021,114.2624969,114.7659988,112.9284973,114.6644974,23930000
2090,22/4/2021,114.661499,115.1881027,112.8225021,113.3960037,21096000
2091,23/4/2021,114.1735001,116.2910004,113.9104996,115.7649994,28670000
2092,26/4/2021,115.9964981,117.0630035,115.6920013,116.336998,20834000
2093,27/4/2021,116.8000031,116.8724976,115.213501,115.3560028,31972000
2094,28/4/2021,120.3572464,122.6188965,118.7425003,118.9954987,59728000
2095,29/4/2021,120.5165024,121.8259964,120.1139984,121.4944992,39554000
2096,30/4/2021,120.2245026,121.3570023,120.1080017,120.5059967,39142000
2097,3/5/2021,120.1360016,120.9850006,119.2249985,119.7584991,33788000
2098,4/5/2021,118.4869995,118.9629974,115.5849991,117.7125015,35120000
2099,5/5/2021,118.4209976,119.1100006,117.5705032,117.836998,21806000
2100,6/5/2021,117.5319977,119.135498,117.1168976,119.0674973,20618000
2101,7/5/2021,120,120.8205032,119.5,119.9345016,23272000
2102,10/5/2021,118.7444992,118.9000015,116.7365036,117.0830002,26006000
2103,11/5/2021,114.5930023,116.0999985,114.1500015,115.4380035,32110000
2104,12/5/2021,113.0855026,114.2685013,111.5025024,111.9540024,34934000
2105,13/5/2021,113.0544968,113.8300476,112.1360016,113.0985031,26670000
2106,14/5/2021,114.5914993,116.0569992,114.1660004,115.8079987,26624000
2107,17/5/2021,115.4660034,116.1669998,114.75,116.0705032,19842000
2108,18/5/2021,116.8452988,117.1575012,115.1579971,115.1715012,17302000
2109,19/5/2021,113.2200012,115.8379974,113.1760025,115.4355011,19350000
2110,20/5/2021,116.4020004,118.0169983,116.0544968,117.8044968,23832000
2111,21/5/2021,118.2994995,118.4499969,117.1184998,117.2549973,22832000
2112,24/5/2021,118.3499985,120.9240036,118.0055008,120.3335037,21244000
2113,25/5/2021,121,121.6445007,120.149498,120.4534988,18838000
2114,26/5/2021,120.6417465,122.1472015,120.6257477,121.6764984,21856000
2115,27/5/2021,121.8470001,122,120.0999985,120.1255035,38962000
2116,28/5/2021,121.0979996,121.4069977,120.3844986,120.5780029,24108000
2117,1/6/2021,121.0999985,121.8985519,120.2440033,121.4905014,19166000
2118,2/6/2021,121.7655029,122.0999985,120.2099991,121.064003,17158000
2119,3/6/2021,119.7509995,120.4872513,119.1415024,120.2304993,18346000
2120,4/6/2021,121.1259995,122.6929474,120.8884964,122.5879974,25948000
2121,7/6/2021,122.5660019,123.4000015,122.0536499,123.3044968,23850000
2122,8/6/2021,123.9950027,124.7247467,123.4120026,124.1425018,25060000
2123,9/6/2021,124.9749985,125.25,124.3665009,124.5699997,20126000
2124,10/6/2021,124.7005005,126.163002,124.6999969,126.0800018,31234000
2125,11/6/2021,126.2460022,126.3495026,124.9144974,125.6965027,25240000
2126,14/6/2021,125.6695023,126.411499,125.0469971,126.3519974,22550000
2127,15/6/2021,126.5220032,126.8619995,125.6484985,126.0329971,22182000
2128,16/6/2021,126.2474976,126.5234985,124.1499481,125.6965027,26316000
2129,17/6/2021,125.5230026,127.1965027,125.5149994,126.3710022,25756000
2130,18/6/2021,125.7054977,126.3889999,124.6029968,125.5674973,53306000
2131,21/6/2021,125.7399979,127.0367508,125.1342468,126.4550018,26256000
2132,22/6/2021,126.4499969,127.2699966,126.0264969,126.9994965,20984000
2133,23/6/2021,126.5500031,127.7959976,126.2519989,126.4615021,19694000
2134,24/6/2021,127.0534973,127.5354996,126.9599991,127.2819977,18934000
2135,25/6/2021,126.9570007,127.5049973,126.4440002,126.9950027,33484000
2136,28/6/2021,127,127.336998,125.9738007,126.8195038,28110000
2137,29/6/2021,126.7724991,127,125.4369965,126.0185013,20950000
2138,30/6/2021,125.6535492,125.8000031,124.7574997,125.3160019,24006000
2139,1/7/2021,124.8497467,126.4625015,124.8497467,126.3684998,17120000
2140,2/7/2021,126.8395004,128.8480072,126.7689972,128.7189941,21160000
2141,6/7/2021,129.4494934,129.8845062,128.4089966,129.7709961,21350000
2142,7/7/2021,130.3410034,130.6398926,129.7599945,130.0774994,16680000
2143,8/7/2021,128.25,130.0325012,128.0399933,129.177002,19780000
2144,9/7/2021,128.9445038,129.8495026,128.9434967,129.5744934,15106000
2145,12/7/2021,129.8334961,130.7700043,129.6000061,130.5639954,16944000
2146,13/7/2021,130.8815002,132.0420074,130.6369934,130.9945068,16618000
2147,14/7/2021,131.9015045,132.9960022,131.897995,132.0825043,17912000
2148,15/7/2021,132.5,132.5950012,130.5980072,131.2664948,16586000
2149,16/7/2021,131.6410065,132.1829987,130.8215027,131.8455048,14856000
2150,19/7/2021,131.1555023,131.246994,128.5370026,129.2539978,25710000
2151,20/7/2021,130.0039978,132.0013428,129.1884003,131.1015015,19084000
2152,21/7/2021,130.7870026,132.6172485,130.6015015,132.6004944,14742000
2153,22/7/2021,132.6499939,133.5045013,132.3999939,133.3285065,13608000
2154,23/7/2021,135.2599945,138.8085022,134.7005005,137.8159943,26378000
2155,26/7/2021,138.25,139.7129974,137.651001,139.6445007,23052000
2156,27/7/2021,140.0110016,140.0110016,135.1000061,136.7964935,42164000
2157,28/7/2021,138.5619965,139.6759949,136.3500061,136.3815002,54688000
2158,29/7/2021,136.3806,137.1515045,136.1380005,136.5404968,19284000
2159,30/7/2021,135.5110016,135.771347,134.8141937,135.220993,23954000
2160,2/8/2021,135.4844971,136.0204926,134.6694946,135.989502,20140000
2161,3/8/2021,136,136.335495,134.1835022,136.2799988,19064000
2162,4/8/2021,136.2494965,136.5379944,135.4149933,136.0285034,16528000
2163,5/8/2021,136.0285034,136.9499969,135.6000061,136.9400024,11866000
2164,6/8/2021,136.2949982,137.0800476,136.0464935,137.0359955,13560000
2165,9/8/2021,136.9490051,138.3215027,136.4287567,138.0019989,12374000
2166,10/8/2021,138.0794983,138.5514984,137.2265015,138.0964966,16034000
2167,11/8/2021,138.2830048,138.8477478,137.3500061,137.6894989,15204000
2168,12/8/2021,137.7129974,138.4179993,136.779007,138.3894958,14646000
2169,13/8/2021,138.3574982,138.673996,138.0050049,138.4060059,12580000
2170,16/8/2021,138,138.9904938,136.1657562,138.9160004,18040000
2171,17/8/2021,138.1909943,138.7185059,136.7875061,137.3005066,21272000
2172,18/8/2021,137.1154938,138.2940063,136.4210052,136.5700073,14934000
2173,19/8/2021,135.4674988,137.4519958,135.3560028,136.9134979,18296000
2174,20/8/2021,137.0829926,138.614502,136.4669952,138.4369965,15564000
2175,23/8/2021,138.9985046,142.177002,138.7479553,141.0995026,21090000
2176,24/8/2021,141.5435028,143.0075073,141.3535004,142.3984985,15126000
2177,25/8/2021,142.8829956,143.3130035,142.4394989,142.9499969,12838000
2178,26/8/2021,142.6184998,143.1347961,142.091507,142.1230011,14922000
2179,27/8/2021,142.1125031,145.0110016,142.0200043,144.5505066,24562000
2180,30/8/2021,144.7044983,146.489502,144.6000061,145.4694977,16916000
2181,31/8/2021,145.8845062,146.1119995,145,145.4620056,26756000
2182,1/9/2021,145.6499939,146.8204956,145.614502,145.8419952,15824000
2183,2/9/2021,145.9494934,146.3249969,144.1065063,144.2189941,21844000
2184,3/9/2021,144.1459961,145.3769989,143.5050049,144.7749939,19104000
2185,7/9/2021,144.7494965,145.8240051,144.5410004,145.5189972,15170000
2186,8/9/2021,145.3934937,145.5509949,144.1999969,144.8834991,15486000
2187,9/9/2021,144.8834991,145.6694946,144.4340057,144.9134979,14798000
2188,10/9/2021,145.4434967,146.0189972,141.7415009,141.9210052,32896000
2189,13/9/2021,143.201004,144.1909943,142.2825012,143.4649963,20176000
2190,14/9/2021,144.1609955,144.7274933,142.9055023,143.4060059,18916000
2191,15/9/2021,143.7590027,145.5814972,142.2559967,145.2059937,20648000
2192,16/9/2021,145.1210022,145.1999969,143.4163513,144.3735046,20292000
2193,17/9/2021,143.7984924,144.2494965,141.0614929,141.463501,60040000
2194,20/9/2021,139.0001984,139.3625031,137.0529938,139.0169983,34918000
2195,21/9/2021,140.1170044,140.8115997,138.9055023,139.6464996,18130000
2196,22/9/2021,140.0505066,141.5834961,139.471756,140.9385071,22068000
2197,23/9/2021,141.6094971,142.2524567,141.0964966,141.8265076,17272000
2198,24/9/2021,140.9459991,142.9035034,140.8504944,142.6329956,14950000
2199,27/9/2021,141.585495,142.5,140.5,141.5010071,18844000
2200,28/9/2021,139.088501,139.6065063,135.6999969,136.1840057,42190000
2201,29/9/2021,137.1096954,137.3984985,134.25,134.5209961,26338000
2202,30/9/2021,134.3249969,135.5899963,133,133.2655029,35294000
2203,1/10/2021,133.5545044,137.0709991,133.3775024,136.4624939,28388000
2204,4/10/2021,135.6994934,135.6999969,131.1665039,133.7649994,31530000
2205,5/10/2021,134,137.3619995,134,136.177002,24126000
2206,6/10/2021,134.6255035,137.852005,134.486496,137.3540039,19764000
2207,7/10/2021,138.8630066,140.1544495,138.5630035,139.1855011,18250000
2208,8/10/2021,139.9060059,140.3170013,139.4293518,140.0559998,18924000
2209,11/10/2021,139.8000031,140.7636566,138.8065033,138.8475037,16584000
2210,12/10/2021,139.6374969,139.6950073,136.25,136.7129974,22536000
2211,13/10/2021,137.75,138.5500031,136.9765015,137.8999939,16380000
2212,14/10/2021,139.9519958,141.6515045,139.3390045,141.4120026,21426000
2213,15/10/2021,142.1999969,142.1999969,141.0644989,141.6750031,21250000
2214,18/10/2021,141.213501,142.9987488,141.213501,142.960495,16564000
2215,19/10/2021,143.2915039,144.1069946,143.095993,143.8220062,15316000
2216,20/10/2021,144.2225037,144.247757,141.9120026,142.4149933,17940000
2217,21/10/2021,142.1920013,142.8495026,141.6369934,142.7805023,14850000
2218,22/10/2021,140.3509979,141.5585022,137.1705017,138.625,30182000
2219,25/10/2021,138.8105011,139.2057953,136.7485046,138.772995,21082000
2220,26/10/2021,140.6060028,140.8394928,139.0054932,139.6719971,28258000
2221,27/10/2021,139.9024963,149.1179962,139.9024963,146.4275055,51850000
2222,28/10/2021,147.298996,147.4244995,144.763504,146.1289978,32418000
2223,29/10/2021,145.5200043,148.6130066,145.1665039,148.2704926,28954000
2224,1/11/2021,148.1649933,148.3995056,143.5794983,143.7740021,32272000
2225,2/11/2021,144.8094025,146.9205017,144.6410065,145.8630066,21150000
2226,3/11/2021,146.2749939,146.9105072,145.0534973,146.7899933,17886000
2227,4/11/2021,147.1999969,149.9499969,146.6349945,148.6829987,24700000
2228,5/11/2021,149.3535004,150.570755,148.6519928,149.2409973,20408000
2229,8/11/2021,150,151.0345001,149.1199951,149.3515015,18388000
2230,9/11/2021,149.7460022,150.3784943,147.5070038,149.2485046,16876000
2231,10/11/2021,148.0097504,148.6999969,145.3249969,146.6260071,22708000
2232,11/11/2021,147.1069946,148.502243,146.6945038,146.7480011,12464000
2233,12/11/2021,147.8314972,149.8594971,146.4539948,149.6454926,17048000
2234,15/11/2021,150,150.477005,148.6524963,149.3880005,16248000
2235,16/11/2021,149.1705017,149.8325043,148.3500061,149.076004,17254000
2236,17/11/2021,149.2290039,149.6260071,148.5630035,149.0619965,15290000
2237,18/11/2021,149.1459961,151.6100006,148.9985046,150.7089996,26658000
2238,19/11/2021,151,151.8500061,149.8874969,149.9524994,19766000
2239,22/11/2021,150.1417542,150.7445068,147.0054932,147.0785065,24608000
2240,23/11/2021,147.1130066,147.6940002,144.8894958,146.7570038,18126000
2241,24/11/2021,146.3500061,147,145.1990051,146.7174988,16464000
2242,26/11/2021,145.0155029,145.2969971,142.4855042,142.8059998,16992000
2243,29/11/2021,144.2984924,146.8619995,144.2984924,146.1139984,26276000
2244,30/11/2021,145.4502563,146.6284943,142.0659943,142.4519958,41590000
2245,1/12/2021,144.2124939,146.4991455,141.5,141.6179962,28476000
2246,2/12/2021,141.8240051,144.6750031,140.9819946,143.7765045,21250000
2247,3/12/2021,144.4954987,145.2129974,141.1499939,142.5204926,26688000
2248,6/12/2021,143.5740051,144.3515015,140.6470032,143.7964935,22198000
2249,7/12/2021,145.9499969,148.3000031,145.7024994,148.036499,23258000
2250,8/12/2021,148.3314972,149.1564941,147.1999969,148.7205048,18964000
2251,9/12/2021,148.1759949,149.6049957,147.529007,148.1060028,18580000
2252,10/12/2021,149.1000061,149.3999939,147.3574982,148.6750031,21634000
2253,13/12/2021,148.4440002,148.5625,146.3600006,146.7044983,24104000
2254,14/12/2021,144.7700043,145.4420013,142.2424927,144.9705048,24778000
2255,15/12/2021,144.3659973,147.5172424,142.7055054,147.3684998,27280000
2256,16/12/2021,148.0769958,148.5514984,144.0924988,144.838501,27400000
2257,17/12/2021,142.7144928,144.4600983,141.7879944,142.8029938,43404000
2258,20/12/2021,140.6795959,142.6105042,140.25,142.4015045,20264000
2259,21/12/2021,143.1499939,144.6920471,141.7350006,144.2205048,19548000
2260,22/12/2021,144.1000061,147.3029938,143.9629974,146.9490051,18438000
2261,23/12/2021,147.0894928,148.5726013,146.9508514,147.1425018,13818000
2262,27/12/2021,147.463501,148.4264984,147.25,148.0639954,13256000
2263,28/12/2021,148.3744965,148.3744965,145.9355011,146.447998,18624000
2264,29/12/2021,146.4295044,147.1837463,145.5045013,146.5045013,17022000
2265,30/12/2021,146.4499969,147.0625,145.7584991,146.0025024,12978000
2266,31/12/2021,145.5440063,146.3650055,144.6775055,144.6795044,17298000
2267,3/1/2022,144.4754944,145.5500031,143.5025024,145.0744934,25214000
2268,4/1/2022,145.5505066,146.6100006,143.8161469,144.4165039,22928000
2269,5/1/2022,144.1809998,144.2980042,137.5234985,137.6535034,49642000
2270,6/1/2022,137.4974976,139.6860046,136.763504,137.5509949,29050000
2271,7/1/2022,137.9049988,138.2547455,135.7890015,137.0045013,19408000
2272,10/1/2022,135.098999,138.6399994,133.1405029,138.5740051,34096000
2273,11/1/2022,138.1804962,140.3294983,136.8135071,140.0175018,23502000
2274,12/1/2022,141.5545044,142.8142548,141.1119995,141.647995,23642000
2275,13/1/2022,141.8404999,143.1855011,138.9140015,139.1309967,26566000
2276,14/1/2022,137.5,141.2005005,137.5,139.786499,23826000
2277,18/1/2022,136.6000061,137.3914948,135.6170044,136.2904968,27382000
2278,19/1/2022,136.9385071,138.3995056,135.5,135.6519928,20796000
2279,20/1/2022,136.5140076,137.9120026,133.1445007,133.5065002,21930000
2280,21/1/2022,133.0119934,134.760498,130.0010071,130.0919952,41920000
2281,24/1/2022,126.0274963,130.7785034,124.6419525,130.371994,55148000
2282,25/1/2022,128.4355011,129.338501,126.3779984,126.7354965,36008000
2283,26/1/2022,130.5924988,132.8074951,127.1535034,129.2400055,39630000
2284,27/1/2022,131.3609924,132.6099548,128.9450073,129.1210022,30248000
2285,28/1/2022,130,133.3704987,128.6945038,133.289505,30518000
2286,31/1/2022,134.197998,135.8435059,132.2740021,135.6985016,34056000
2287,1/2/2022,137.8350067,138.1999969,134.5682526,137.8784943,51204000
2288,2/2/2022,151.8634949,152.1000061,145.5574951,148.036499,89750000
2289,3/2/2022,145.2949982,149.1177063,142.2050018,142.6504974,56930000
2290,4/2/2022,143.0169983,144.5352478,139.8175049,143.0160065,49224000
2291,7/2/2022,143.7089996,143.8464966,138.6990051,138.9380035,44610000
2292,8/2/2022,138.9912567,139.8370972,136.8730011,139.2129974,34256000
2293,9/2/2022,140.8497467,142.1755066,140.3769989,141.4530029,28628000
2294,10/2/2022,139.5,141.4309998,138.0500031,138.6024933,33018000
2295,11/2/2022,138.75,139.2832489,133.2884979,134.1300049,38808000
2296,14/2/2022,133.3654938,136.1665039,133.302002,135.3000031,26792000
2297,15/2/2022,137.4714966,137.8999939,135.539505,136.4255066,26578000
2298,16/2/2022,136.4304962,137.9459991,134.8236542,137.4875031,25610000
2299,17/2/2022,136.1499939,136.8394928,132.2019958,132.3085022,30968000
2300,18/2/2022,133.0375061,133.8240051,130.3070526,130.4674988,31858000
2301,22/2/2022,129.9850006,131.9007568,127.7409973,129.4024963,38906000
2302,23/2/2022,131.0785065,131.7489929,127.5035019,127.5849991,26432000
2303,24/2/2022,125,133.0370026,124.7645035,132.6734924,43166000
2304,25/2/2022,133.5254974,135.3890076,131.7649994,134.5195007,26236000
2305,28/2/2022,133.2845001,135.6405029,132.8252563,134.8910065,29676000
2306,1/3/2022,134.4799957,136.1109924,133.3784943,134.1679993,24640000
2307,2/3/2022,134.6082458,135.6154938,133.4324951,134.7514954,23966000
2308,3/3/2022,135.9785004,136.7138062,133.4309998,134.3079987,19780000
2309,4/3/2022,133.3825073,134.1990051,130.408493,132.121994,24446000
2310,7/3/2022,131.904007,131.904007,126.4100037,126.4645004,39178000
2311,8/3/2022,126.2505035,131.2465057,125.8607483,127.2785034,35250000
2312,9/3/2022,131.3999939,134.1985016,130.0879974,133.8659973,32258000
2313,10/3/2022,131.4624939,133.5384979,131.401001,132.6820068,24266000
2314,11/3/2022,133.9994965,134.1999969,130.2964935,130.4754944,26600000
2315,14/3/2022,130.572998,131.026001,126.413002,126.7409973,30254000
2316,15/3/2022,127.7415009,130.5172424,126.5680008,129.6605072,30292000
2317,16/3/2022,131,133.7709961,129.201004,133.690506,32058000
2318,17/3/2022,133.3209991,134.739502,132.7189941,134.6004944,23994000
2319,18/3/2022,133.8840027,136.9134979,132.9320068,136.8014984,45900000
2320,21/3/2022,136.8475037,137.5825043,134.611496,136.4785004,26632000
2321,22/3/2022,136.5,141.5,136.5,140.2774963,29776000
2322,23/3/2022,139.138504,140.0249939,138.1665039,138.5034943,25302000
2323,24/3/2022,139.2725067,141.3964996,138.0393982,141.3119965,20544000
2324,25/3/2022,141.7539978,141.9595032,139.6994934,141.5214996,19270000
2325,28/3/2022,140.684494,141.9765015,139.8281555,141.9499969,23774000
2326,29/3/2022,143.1605072,144.1625061,142.4839935,143.25,28678000
2327,30/3/2022,142.8699951,143.4804993,142.1679993,142.6445007,21046000
2328,31/3/2022,142.4485016,142.6445007,139.6190033,139.6495056,29516000
2329,1/4/2022,140.0099945,140.9499969,138.7969971,140.6999969,23480000
2330,4/4/2022,140.8244934,144.0437469,140.8244934,143.6425018,19076000
2331,5/4/2022,143.3995056,143.5899963,140.9434967,141.0630035,19256000
2332,6/4/2022,139.161499,139.8484955,136.4181061,137.1759949,23574000
2333,7/4/2022,136.6179962,137.7015076,134.857254,136.4649963,19448000
2334,8/4/2022,136.25,136.25,133.7525024,134.010498,16434000
2335,11/4/2022,132.8999939,132.9391937,129.6174927,129.7964935,24188000
2336,12/4/2022,132.4234924,132.4234924,127.5759964,128.3744965,23004000
2337,13/4/2022,128.6264954,130.6557465,128.4385986,130.2859955,19542000
2338,14/4/2022,130.6495056,130.7102509,127.1115036,127.2529984,23484000
2339,18/4/2022,127.4100037,128.7120056,126.5784531,127.9609985,14918000
2340,19/4/2022,128.0769958,130.9037476,127.4514999,130.5310059,22720000
2341,20/4/2022,131.2839966,131.9234924,127.8940506,128.2454987,22610000
2342,21/4/2022,129.3500061,130.3074951,124.6500015,124.9375,30158000
2343,22/4/2022,125,125.4520035,119.1405029,119.6139984,46410000
2344,25/4/2022,119.4294968,123.2779999,118.769249,123.25,34522000
2345,26/4/2022,122.75,122.75,119.16185,119.5059967,49394000
2346,27/4/2022,114.3730011,117.5,113.1242523,115.0205002,62238000
2347,28/4/2022,117.1149979,120.4384995,115.143898,119.411499,36790000
2348,29/4/2022,117.5780029,118.9599991,114.6940002,114.9664993,33694000
2349,2/5/2022,113.9065018,117.3395004,113.399498,117.1569977,30280000
2350,3/5/2022,116.7649994,119.3000031,116.6269989,118.1295013,21216000
2351,4/5/2022,118.0035019,123.1429977,115.7385025,122.5749969,33232000
2352,5/5/2022,120.2204971,121.2332535,115.1825027,116.7464981,43090000
2353,6/5/2022,115.5189972,117.498497,114.1429977,115.6600037,35310000
2354,9/5/2022,113.3034973,115.5628967,112.5514984,113.0839996,34520000
2355,10/5/2022,116.0404968,116.6910019,113.3833008,114.5845032,31158000
2356,11/5/2022,113.7105026,116.6709976,113.6500015,113.9609985,36502000
2357,12/5/2022,111.9380035,114.8564987,110.1135025,113.1610031,41464000
2358,13/5/2022,114.8454971,118.0849991,114,116.5155029,29738000
2359,16/5/2022,115.3840027,116.6074982,114.3349991,114.7925034,23282000
2360,17/5/2022,117.2275009,117.2275009,115.3375015,116.7014999,21576000
2361,18/5/2022,115.2375031,115.6956482,112.1419983,112.401001,27982000
2362,19/5/2022,111.8410034,113.5875015,110.4680023,110.7454987,29192000
2363,20/5/2022,112.0855026,112.5500031,106.3730011,109.3130035,37586000
2364,23/5/2022,110.1039963,112.0055008,109.1542511,111.6664963,31558000
2365,24/5/2022,106.3775024,106.3949966,102.2080002,105.9260025,60386000
2366,25/5/2022,105.1419983,106.5447006,104.2112503,105.8395004,37900000
2367,26/5/2022,106.050499,108.9552536,105.487999,108.2959976,30288000
2368,27/5/2022,109.7884979,112.8679962,109.5500031,112.7990036,29924000
2369,31/5/2022,113.0790024,116.4335022,112.5725021,114.0390015,51302000
2370,1/6/2022,114.9315033,117.3990021,113.550499,114.137001,28630000
2371,2/6/2022,114.1880035,117.8980026,113.3079987,117.7460022,27472000
2372,3/6/2022,115.9925003,116.364502,113.6679993,114.564003,25052000
2373,6/6/2022,116.7425003,119.3984985,116.5282974,117.010498,23786000
2374,7/6/2022,115.6480026,117.7486496,115.1255035,117.2294998,26414000
2375,8/6/2022,116.876503,118.6460037,116.6967468,117.237999,22544000
2376,9/6/2022,116.3414993,118.3499985,114.8669968,114.9179993,23142000
2377,10/6/2022,112.78125,113.4970016,110.8610001,111.4274979,31324000
2378,13/6/2022,107.4459991,109.2184982,106.5880508,106.876503,36756000
2379,14/6/2022,106.8899994,108.4574966,106.3519974,107.1940002,25480000
2380,15/6/2022,108.899498,112.0630035,108.1187515,110.3905029,33192000
2381,16/6/2022,108.149498,109.2904968,105.7925034,106.6360016,35314000
2382,17/6/2022,106.5350037,109.2494965,105.6285477,107.8655014,43516000
2383,21/6/2022,109.7020035,112.6729965,109.2935028,112.0149994,39010000
2384,22/6/2022,111.163002,113.7695007,110.7242966,112.0339966,23922000
2385,23/6/2022,112.9499969,113.1965027,111.0289993,112.6845016,24710000
2386,24/6/2022,113.6029968,118.6374969,113.6029968,118.538002,39122000
2387,27/6/2022,118.9349976,119.25,116.0007477,116.6224976,32840000
2388,28/6/2022,116.3509979,117.8564987,112.4440002,112.5715027,28232000
2389,29/6/2022,112.1484985,113.6644974,111.5540009,112.2565002,18628000
2390,30/6/2022,110.4994965,111.3298035,107.3099976,109.3724976,38046000
2391,1/7/2022,108.336998,109.8063507,107.1050034,109.0810013,31028000
2392,5/7/2022,107.5145035,114.052597,106.2494965,113.887001,36398000
2393,6/7/2022,114.0920029,116.3519974,112.2505035,115.213501,28852000
2394,7/7/2022,116.0080032,119.8619995,115.5339966,119.3059998,32184000
2395,8/7/2022,117.5500031,120.4349976,117.5139999,120.1685028,29082000
2396,11/7/2022,118.6500015,118.7945023,116.2344971,116.5224991,26718000
2397,12/7/2022,116.838501,117.8495026,114.6149979,114.8495026,24970000
2398,13/7/2022,112.6389999,115.1569977,111.822998,112.1869965,38958000
2399,14/7/2022,110.8259964,111.9875031,109.3255005,111.4400024,32366000
2400,15/7/2022,112.9629974,114.0005035,111.8225021,112.7669983,34330000
2401,18/7/2022,113.4400024,114.8000031,109.3000031,109.9100037,33354000
2402,19/7/2022,111.7300034,114.8099976,110.5,114.6200027,30992300
2403,20/7/2022,114.0599976,116.3300018,113.2600021,114.6999969,26780100
2404,21/7/2022,115.0899963,115.2099991,111.9100037,115.0400009,27267800
2405,22/7/2022,111.8099976,113.1800003,107.5999985,108.3600006,44455300
2406,25/7/2022,108.8799973,110.5800018,107.0100021,108.2099991,28289900
2407,26/7/2022,107.4300003,107.7399979,104.7600021,105.4400024,36626600
2408,27/7/2022,109.5999985,114.4000015,108.4199982,113.5999985,41474600
2409,28/7/2022,112.8000031,114.6999969,111.8509979,114.5899963,23303800
2410,29/7/2022,113.4000015,116.9000015,113.2300034,116.6399994,31336200
2411,1/8/2022,115.5299988,117.1200027,114.6900024,115.4800034,22856200
2412,2/8/2022,114.4300003,117.0800018,114.2600021,115.9000015,17911000
2413,3/8/2022,116.3399963,119.4199982,116.1500015,118.7799988,25302800
2414,4/8/2022,118.3000031,119.5,117.7099991,118.8700027,15757700
2415,5/8/2022,116.9300003,118.8600006,116.7099991,118.2200012,15615700
2416,8/8/2022,119.1200027,120.8600006,117.8300018,118.1399994,17061100
2417,9/8/2022,117.9899979,118.1999969,116.5599976,117.5,15424300
2418,10/8/2022,119.5899963,121.7799988,119.3600006,120.6500015,20497000
2419,11/8/2022,122.0800018,122.3399963,119.5500031,119.8199997,16671600
2420,12/8/2022,121.1600037,122.6500015,120.4000015,122.6500015,16121100
2421,15/8/2022,122.2099991,123.2600021,121.5699997,122.8799973,15525000
2422,16/8/2022,122.3199997,123.2279968,121.5350037,122.5100021,15626200
2423,17/8/2022,120.9300003,122.1500015,120.1999969,120.3199997,17589200
2424,18/8/2022,120.2300034,121.6900024,119.5500031,120.8600006,15652000
2425,19/8/2022,119.8700027,120,117.6699982,118.1200027,20187000
2426,22/8/2022,116.0999985,116.5,114.6699982,115.0699997,19316000
2427,23/8/2022,114.3199997,115.9300003,114.3000031,114.7699966,14390700
2428,24/8/2022,114.4499969,115.7170029,113.7799988,114.6999969,16051200
2429,25/8/2022,115.1500015,117.7799988,115.0500031,117.6999969,14874700
2430,26/8/2022,115.8099976,116.5999985,111.2200012,111.3000031,31698700
2431,29/8/2022,110.7799988,111.9599991,109.8099976,110.3399963,20386100
2432,30/8/2022,111.0299988,111.3700027,108.8000031,109.9100037,20548200
2433,31/8/2022,111.6299973,111.7699966,109.0500031,109.1500015,25898000
2434,1/9/2022,109.1999969,111.2200012,108.1900024,110.5500031,22784400
2435,2/9/2022,111.3399963,111.6750031,108.1299973,108.6800003,20618100
2436,6/9/2022,108.1350021,108.8799973,106.5100021,107.4800034,20565100
2437,7/9/2022,107.7600021,110.9899979,107.6149979,110.4800034,22987200
2438,8/9/2022,109.1800003,110.5800018,108.0599976,109.4199982,21660700
2439,9/9/2022,110.0500031,112,110,111.7799988,21732900
2440,12/9/2022,111.9899979,112.6399994,110.9300003,111.8700027,19732900
2441,13/9/2022,108.8899994,109.3700027,105,105.3099976,33015000
2442,14/9/2022,105.4400024,106.0999985,104.5,105.8700027,22115800
2443,15/9/2022,105.0100021,106.2099991,103.3099976,103.9000015,26494900
2444,16/9/2022,102.9700012,104.0299988,101.8550034,103.6299973,64540100
2445,19/9/2022,102.5400009,104.0199966,102.3700027,103.8499985,19738600
2446,20/9/2022,102.8799973,103.1699982,101.1200027,101.8300018,24001700
2447,21/9/2022,102.2399979,103.4899979,99.98999786,100.0100021,26596800
2448,22/9/2022,99.44999695,101.6800003,99.41000366,100.5699997,21272700
2449,23/9/2022,100.0599976,100.1100006,98.01000214,99.16999817,25657000
2450,26/9/2022,98.61000061,100.4400024,98.37999725,98.80999756,22437900
2451,27/9/2022,99.91000366,100.4599991,97.33999634,98.08999634,24225000
2452,28/9/2022,98.01999664,101.4000015,97.80000305,100.7399979,24617000
2453,29/9/2022,99.30000305,99.30000305,96.51999664,98.08999634,21921500
2454,30/9/2022,97.73000336,99.4940033,96.02999878,96.15000153,26277800
2455,3/10/2022,97.22000122,99.97000122,97.01999664,99.30000305,24840000
2456,4/10/2022,101.0400009,102.7200012,101.0400009,102.4100037,22580900
2457,5/10/2022,100.6900024,102.7399979,99.73999786,102.2200012,18475500
2458,6/10/2022,101.5,103.7300034,101.5,102.2399979,17156200
2459,7/10/2022,100.6500015,101.4199982,99.20999908,99.56999969,24249900
2460,10/10/2022,99.84999847,99.98999786,97.87000275,98.70999908,16529900
2461,11/10/2022,98.25,100.1200027,97.25,98.05000305,21617700
2462,12/10/2022,98.26999664,99.64800262,97.66999817,98.30000305,17343400
2463,13/10/2022,95.93000031,100.5299988,95.26999664,99.70999908,32812200
2464,14/10/2022,100.625,101.2900009,97.02999878,97.18000031,22624800
2465,17/10/2022,99.51999664,101.7699966,99.51000214,100.7799988,23311600
2466,18/10/2022,103.9400024,104.2200012,100.6500015,101.3899994,21610500
2467,19/10/2022,100.6999969,101.6589966,99.63500214,100.2900009,21573700
2468,20/10/2022,100.8199997,103,99.97000122,100.5299988,25125100
2469,21/10/2022,98.45999908,101.6200027,98.23000336,101.4800034,28988700
2470,24/10/2022,102.0899963,103.0999985,100.3000031,102.9700012,24680800
2471,25/10/2022,103.3000031,105.0999985,103.0199966,104.9300003,29910200
2472,26/10/2022,96.76000214,98.54000092,94.56999969,94.81999969,71504300
2473,27/10/2022,94.30999756,95.16999817,91.90000153,92.59999847,54036500
2474,28/10/2022,92.52999878,96.86000061,92.32299805,96.58000183,35696900
2475,31/10/2022,95.77999878,96.34999847,94.37999725,94.66000366,29868700
2476,1/11/2022,95.58999634,96.16500092,90.43000031,90.5,43220600
2477,2/11/2022,90.91000366,91.30000305,87.01000214,87.06999969,43553600
2478,3/11/2022,86.34500122,86.55000305,83.44999695,83.48999786,48510400
2479,4/11/2022,85.51000214,86.73000336,83.87999725,86.69999695,40173300
2480,7/11/2022,87.33999634,88.94000244,86.95999908,88.65000153,26899900
2481,8/11/2022,89.16000366,90.40499878,87.65000153,88.91000366,30172000
2482,9/11/2022,88.54499817,89.48999786,87.36000061,87.40000153,26743900
2483,10/11/2022,92.33999634,94.55000305,91.65000153,94.16999817,42371200
2484,11/11/2022,94.70999908,97.36000061,94.16000366,96.73000336,30569100
2485,14/11/2022,95.5,97.18000031,95.11299896,96.02999878,24170100
2486,15/11/2022,98.66999817,100.4199982,97.01999664,98.72000122,31831000
2487,16/11/2022,98.01999664,99.84999847,97.90200043,98.98999786,24660200
2488,17/11/2022,97.18000031,99.48000336,97.09999847,98.5,21818700
2489,18/11/2022,99.01000214,99.16000366,96.73999786,97.80000305,24969900
2490,21/11/2022,97.55999756,98.72000122,95.66999817,95.83000183,18696900
2491,22/11/2022,96.16000366,97.54799652,94.41000366,97.33000183,18868900
2492,23/11/2022,97.33999634,99.06900024,97.33999634,98.81999969,17568900
2493,25/11/2022,98.46499634,98.94000244,97.52999878,97.59999847,8567800
2494,28/11/2022,97.19999695,97.83000183,95.88999939,96.25,19974500
2495,29/11/2022,96,96.38999939,94.38999939,95.44000244,20220000
2496,30/11/2022,95.12000275,101.4499969,94.66999817,101.4499969,39888100
2497,1/12/2022,101.4000015,102.5899963,100.6699982,101.2799988,21771500
2498,2/12/2022,99.37000275,101.1500015,99.16999817,100.8300018,18821500
2499,5/12/2022,99.81500244,101.75,99.35500336,99.87000275,19955500
2500,6/12/2022,99.66999817,100.2099991,96.76000214,97.30999756,20877600
2501,7/12/2022,96.76999664,97.30999756,95.02500153,95.15000153,26647900
2502,8/12/2022,95.69000244,95.87000275,93.80000305,93.94999695,25593200
2503,9/12/2022,93.90000153,94.48999786,93.01999664,93.06999969,21885300
2504,12/12/2022,93.08999634,93.875,91.90000153,93.55999756,27380900
2505,13/12/2022,98.06999969,99.80000305,95.37999725,95.84999847,34788500
2506,14/12/2022,95.54000092,97.22000122,93.94000244,95.30999756,26452900
2507,15/12/2022,93.54000092,94.02999878,90.43000031,91.19999695,28298800
2508,16/12/2022,91.19999695,91.75,90.01000214,90.86000061,48485500
2509,19/12/2022,90.87999725,91.19999695,88.92500305,89.15000153,23020500
2510,20/12/2022,88.73000336,89.77999878,88.04000092,89.62999725,21976800
2511,21/12/2022,89.73000336,90.91500092,88.91000366,90.25,20336400
2512,22/12/2022,88.93000031,89.18000031,86.94000244,88.26000214,23656100
2513,23/12/2022,87.62000275,90.09999847,87.62000275,89.80999756,17815000
2514,27/12/2022,89.30999756,89.5,87.53500366,87.93000031,15470900
2515,28/12/2022,87.5,88.51999664,86.37000275,86.45999908,17879600
2516,29/12/2022,87.02999878,89.36499786,86.98999786,88.94999695,18280700
2517,30/12/2022,87.36499786,88.83000183,87.02999878,88.73000336,19190300
2518,3/1/2023,89.83000183,91.55000305,89.01999664,89.69999695,20738500
2519,4/1/2023,91.01000214,91.23999786,87.80000305,88.70999908,27046500
2520,5/1/2023,88.06999969,88.20999908,86.55999756,86.76999664,23136100
2521,6/1/2023,87.36000061,88.47000122,85.56999969,88.16000366,26612600
2522,9/1/2023,89.19499969,90.83000183,88.58000183,88.80000305,22996700
2523,10/1/2023,86.72000122,89.47499847,86.69999695,89.23999786,22855600
2524,11/1/2023,90.05999756,92.44999695,89.73999786,92.26000214,25998800
2525,12/1/2023,92.40000153,92.62000275,90.56999969,91.91000366,22754200
2526,13/1/2023,91.52799988,92.98000336,90.93000031,92.80000305,18630700
2527,17/1/2023,92.77999878,92.97000122,90.83999634,92.16000366,22935800
2528,18/1/2023,92.94000244,93.58799744,91.40000153,91.77999878,19641600
2529,19/1/2023,91.38999939,94.40000153,91.37999725,93.91000366,28707700
2530,20/1/2023,95.94999695,99.41999817,95.91000366,99.27999878,53704800
2531,23/1/2023,99.12999725,101.4000015,98.75,101.2099991,31791800
2532,24/1/2023,99.55000305,101.0899963,98.69999695,99.20999908,27391400
2533,25/1/2023,97.19999695,97.72000122,95.26200104,96.73000336,31000900
2534,26/1/2023,98.27999878,99.20999908,96.81999969,99.16000366,24542100
2535,27/1/2023,99.05000305,101.5800018,98.97000122,100.7099991,29020400
2536,30/1/2023,98.74500275,99.40899658,97.51999664,97.94999695,24365100
2537,31/1/2023,97.86000061,99.91000366,97.79000092,99.87000275,22306800
2538,1/2/2023,99.73999786,102.1900024,98.41999817,101.4300003,26392600
2539,2/2/2023,106.7900009,108.8199997,106.5400009,108.8000031,46622600
2540,3/2/2023,103.5100021,108.0199966,103.3000031,105.2200012,36823400
2541,6/2/2023,102.6849976,104.6999969,102.2099991,103.4700012,25573000
2542,7/2/2023,103.6299973,108.6699982,103.5479965,108.0400009,33738800
2543,8/2/2023,102.6900024,103.5800018,98.45500183,100,73546000
2544,9/2/2023,100.5400009,100.6100006,93.86000061,95.45999908,97798600
2545,10/2/2023,95.73999786,97.01999664,94.52999878,94.86000061,49325300
2546,13/2/2023,95.01000214,95.34999847,94.05000305,95,43116600
2547,14/2/2023,94.66000366,95.17500305,92.65000153,94.94999695,42513100
2548,15/2/2023,94.73999786,97.33999634,94.36000061,97.09999847,36964500
2549,16/2/2023,95.54000092,97.87999725,94.97000122,95.77999878,35642100
2550,17/2/2023,95.06999969,95.75,93.44999695,94.58999634,31095100
2551,21/2/2023,93.23999786,93.41500092,92,92.05000305,28367200
2552,22/2/2023,91.93399811,92.36000061,90.87000275,91.80000305,29891100
2553,23/2/2023,92.12999725,92.12999725,90.01000214,91.06999969,32423700
2554,24/2/2023,89.62999725,90.12999725,88.86000061,89.34999847,31295600
2555,27/2/2023,90.08999634,90.44999695,89.61000061,90.09999847,22724300
2556,28/2/2023,89.54000092,91.44999695,89.51999664,90.30000305,30546900
2557,1/3/2023,90.16000366,91.19999695,89.84999847,90.51000214,26323900
2558,2/3/2023,89.86000061,92.48000336,89.76999664,92.30999756,23328600
2559,3/3/2023,92.73999786,94.11000061,92.66000366,94.01999664,30242500
2560,6/3/2023,94.36000061,96.30000305,94.30000305,95.58000183,28288200
2561,7/3/2023,95.41999817,96.08999634,93.84400177,94.16999817,24101500
2562,8/3/2023,94.40499878,96.23999786,94.40499878,94.65000153,25395200
2563,9/3/2023,94.48999786,95.91999817,92.35500336,92.66000366,24438900
2564,10/3/2023,92.5,93.18000031,90.80000305,91.01000214,32850100
2565,13/3/2023,90.56500244,93.08000183,89.94000244,91.66000366,31508600
2566,14/3/2023,93.06999969,94.83000183,92.77999878,94.25,32303900
2567,15/3/2023,93.54000092,97.25,93.04000092,96.55000305,38367300
2568,16/3/2023,96.56999969,101.9700012,95.87000275,101.0699997,54499500
2569,17/3/2023,100.8399963,103.4899979,100.75,102.4599991,76140300
2570,20/3/2023,101.0599976,102.5800018,100.7900009,101.9300003,26033900
2571,21/3/2023,101.9800034,105.9599991,101.8600006,105.8399963,33122800
2572,22/3/2023,105.1399994,107.5100021,104.2099991,104.2200012,32336900
2573,23/3/2023,105.8899994,107.1009979,105.4100037,106.2600021,31385800
2574,24/3/2023,105.7399979,106.1600037,104.7399979,106.0599976,25236200
2575,27/3/2023,105.3199997,105.4000015,102.6299973,103.0599976,25393400
2576,28/3/2023,103,103,100.2799988,101.3600006,24913500
2577,29/3/2023,102.7200012,102.8199997,101.0299988,101.9000015,26148300
2578,30/3/2023,101.4400024,101.6100006,100.2900009,101.3199997,25009800
2579,31/3/2023,101.7099991,104.1900024,101.4400024,104,28108000
2580,3/4/2023,102.6699982,104.9499969,102.3799973,104.9100037,20719900
2581,4/4/2023,104.8399963,106.0999985,104.5999985,105.1200027,20377200
2582,5/4/2023,106.1200027,106.5400009,104.1019974,104.9499969,21864200
2583,6/4/2023,105.7699966,109.6299973,104.8150024,108.9000015,34684200
2584,10/4/2023,107.3899994,107.9700012,105.5999985,106.9499969,19741500
2585,11/4/2023,106.9199982,107.2200012,105.2799988,106.1200027,18721300
2586,12/4/2023,107.3899994,107.586998,104.9700012,105.2200012,22761600
2587,13/4/2023,106.4700012,108.2649994,106.4400024,108.1900024,21650700
2588,14/4/2023,107.6900024,109.5800018,107.5899963,109.4599991,20758700
2589,17/4/2023,105.4300003,106.7099991,105.3199997,106.4199982,29043400
2590,18/4/2023,107,107.0500031,104.7799988,105.1200027,17641400
2591,19/4/2023,104.2149963,105.7249985,103.8000031,105.0199966,16732000
2592,20/4/2023,104.6500015,106.8880005,104.6399994,105.9000015,22515300
2593,21/4/2023,106.0899963,106.6399994,105.4850006,105.9100037,22379000
2594,24/4/2023,106.0500031,107.3199997,105.3600006,106.7799988,21410900
2595,25/4/2023,106.6100006,107.4400024,104.5599976,104.6100006,31408100
2596,26/4/2023,105.5599976,107.0199966,103.2699966,104.4499969,37068200
2597,27/4/2023,105.2300034,109.1500015,104.4199982,108.3700027,38235200
2598,28/4/2023,107.8000031,108.2900009,106.0400009,108.2200012,23957900
2599,1/5/2023,107.7200012,108.6800003,107.5,107.7099991,20926300
2600,2/5/2023,107.6600037,107.7300034,104.5,105.9800034,20343100
2601,3/5/2023,106.2200012,108.1299973,105.6200027,106.1200027,17116300
2602,4/5/2023,106.1600037,106.3000031,104.6999969,105.2099991,19780600
2603,5/5/2023,105.3199997,106.4400024,104.7389984,106.2149963,20705300
2604,8/5/2023,105.7949982,108.4199982,105.7900009,108.2399979,17266000
2605,9/5/2023,108.7799988,110.5950012,107.7249985,107.9400024,24782400
2606,10/5/2023,108.5500031,113.5100021,108.4800034,112.2799988,47533500
2607,11/5/2023,115.8600006,118.4400024,114.9300003,116.9000015,57115100
2608,12/5/2023,117,118.2600021,116.5500031,117.9199982,31272500
2609,15/5/2023,116.4899979,118.7949982,116.4800034,116.9599991,22107900
2610,16/5/2023,116.8300018,121.1999969,116.8300018,120.0899963,32370100
2611,17/5/2023,120.1800003,122.2799988,119.4599991,121.4800034,26659600
2612,18/5/2023,121.5599976,123.9000015,121.4899979,123.5199966,27014500
2613,19/5/2023,124.1999969,126.4789963,122.7200012,123.25,30251300
2614,22/5/2023,123.5100021,127.0500031,123.4499969,125.8700027,29760200
2615,23/5/2023,124.9300003,125.4199982,123.0500031,123.2900009,24477900
2616,24/5/2023,121.8799973,122.75,120.75,121.6399994,23087900
2617,25/5/2023,125.2099991,125.9800034,122.9000015,124.3499985,33812700
2618,26/5/2023,124.0650024,126,123.2900009,125.4300003,25154700
2619,30/5/2023,126.2900009,126.3799973,122.8899994,124.6399994,27230700
2620,31/5/2023,123.6999969,124.9000015,123.0999985,123.3700027,41548800
2621,1/6/2023,123.5,125.0400009,123.3000031,124.3700027,25017700
2622,2/6/2023,124.4899979,126.7450027,124.3499985,125.2300034,19362400
2623,5/6/2023,124.6100006,127.9899979,124.3799973,126.6299973,22672500
2624,6/6/2023,126.5999985,128.8800049,125.9700012,127.9100037,19450100
2625,7/6/2023,127.5749969,129.5500031,122.6299973,122.9400024,34179300
2626,8/6/2023,122.5849991,123.7300034,122.0100021,122.6699982,24815000
2627,9/6/2023,122.5599976,124.2850037,122.4199982,122.8700027,20304500
2628,12/6/2023,123.3949966,124.75,122.3499985,124.3499985,22255700
2629,13/6/2023,125.6500015,125.8600006,123.8450012,124.4300003,19287700
2630,14/6/2023,123.8000031,124.7900009,122.1600037,124.3799973,24659600
2631,15/6/2023,123.8799973,126.1600037,123.1399994,125.7900009,24517100
2632,16/6/2023,126.6999969,126.6999969,123.7900009,124.0599976,56686800
2633,20/6/2023,123.5350037,125.1750031,122.8300018,123.8499985,22698000
2634,21/6/2023,123.2350006,123.4100037,120.8600006,121.2600021,22612000
2635,22/6/2023,120.6600037,123.9349976,119.5999985,123.8700027,20781900
2636,23/6/2023,122.0400009,123.4400024,121.8600006,123.0199966,29542900
2637,26/6/2023,121.4660034,122.7200012,118.9899979,119.0899963,23185000
2638,27/6/2023,117.8399963,119.8949966,116.9100037,119.0100021,27221700
2639,28/6/2023,117.9599991,121.2699966,117.5999985,121.0800018,19753100
2640,29/6/2023,120.0899963,120.9100037,119.2099991,120.0100021,18517500
2641,30/6/2023,121.0999985,122.0299988,120.8799973,120.9700012,23865800
2642,3/7/2023,120.3199997,121.0199966,119.7050018,120.5599976,13888300
2643,5/7/2023,120.0599976,123.3700027,120.0599976,122.6299973,17830300
2644,6/7/2023,120.6399994,121.1500015,119.25,120.9300003,17732500
2645,7/7/2023,120.8899994,121.75,120.0899963,120.1399994,20982400
2646,10/7/2023,119.0699997,119.0699997,116.6399994,116.8700027,32960100
2647,11/7/2023,116.7600021,118.2249985,115.8300018,117.7099991,18286600
2648,12/7/2023,119.3000031,120.9599991,119,119.6200027,22059600
2649,13/7/2023,121.5400009,125.3349991,121.0599976,124.8300018,31535900
2650,14/7/2023,125.1299973,127.0899963,124.9000015,125.6999969,20482800
2651,17/7/2023,126.0599976,127.2799988,124.5,125.0599976,20675300
2652,18/7/2023,124.9049988,124.9899979,123.3000031,124.0800018,21071200
2653,19/7/2023,124.7900009,125.4700012,122.4700012,122.7799988,22313800
2654,20/7/2023,122.1200027,124.6999969,118.6849976,119.5299988,27541700
2655,21/7/2023,120.8700027,121.3000031,119.0699997,120.3099976,56498100
2656,24/7/2023,121.9260025,123.3499985,121.3799973,121.8799973,22276100
2657,25/7/2023,121.8799973,123.6900024,121.5299988,122.7900009,31820800
2658,26/7/2023,130.3600006,131.3699951,128.7100067,129.6600037,46216900
2659,27/7/2023,131.8000031,133.6000061,129.1799927,129.8699951,35931600
2660,28/7/2023,130.9700012,134.0700073,130.9199982,133.0099945,26971000
2661,31/7/2023,133.0099945,133.8300018,132.1300049,133.1100006,18381900
2662,1/8/2023,130.8549957,132.9199982,130.75,131.8899994,22154300
2663,2/8/2023,129.8399963,130.4199982,127.8499985,128.6399994,22705800
2664,3/8/2023,128.3699951,129.7700043,127.7750015,128.7700043,15018100
2665,4/8/2023,129.6000061,131.9299927,128.3150024,128.5399933,20509500
2666,7/8/2023,129.5099945,132.0599976,129.4299927,131.9400024,17621000
2667,8/8/2023,130.9799957,131.9400024,130.1300049,131.8399963,16836000
2668,9/8/2023,132.1900024,132.4700012,129.5050049,130.1499939,17745200
2669,10/8/2023,131.9700012,132.6470032,130.0350037,130.2100067,17855700
2670,11/8/2023,129.2019958,130.4400024,128.75,130.1699982,15191500
2671,14/8/2023,129.8500061,131.9100037,129.5899963,131.8300018,17526200
2672,15/8/2023,131.5899963,131.9900055,129.8190002,130.2700043,14769200
2673,16/8/2023,129.2799988,130.897995,128.4600067,129.1100006,17548400
2674,17/8/2023,130.4499969,132.4909973,129.8500061,130.4600067,23665600
2675,18/8/2023,129.0599976,129.8300018,127,128.1100006,23619400
2676,21/8/2023,127.8499985,129.2599945,127.1600037,128.9299927,21851100
2677,22/8/2023,129.1300049,130.9499969,128.9250031,129.6900024,15569400
2678,23/8/2023,130.8500061,134.0700073,130.5099945,133.2100067,26497000
2679,24/8/2023,134.727005,134.9700012,130.3000031,130.4199982,18680400
2680,25/8/2023,130.1399994,131.3999939,128.0399933,130.6900024,20678100
2681,28/8/2023,132.0800018,133.2400055,130.8500061,131.7899933,16715500
2682,29/8/2023,132.9980011,137.2949982,132.9799957,135.4900055,30803300
2683,30/8/2023,135.5700073,137.25,135.0209961,136.9299927,21773400
2684,31/8/2023,137.0500031,138.3999939,136.8200073,137.3500061,28147900
2685,1/9/2023,138.4299927,138.5800018,135.9400024,136.8000031,16665700
2686,5/9/2023,136.4400024,137.3699951,135.5599976,136.7100067,17730200
2687,6/9/2023,137.0149994,137.4799957,134.6900024,135.3699951,15814300
2688,7/9/2023,134.6000061,136.5800018,133.9600067,136.1999969,16976000
2689,8/9/2023,135.8699951,137.5149994,135.8699951,137.1999969,17810700
2690,11/9/2023,137.3800049,138.2640076,136.5500031,137.7400055,17180800
2691,12/9/2023,137.1300049,137.6399994,135.9299927,136.0700073,15212900
2692,13/9/2023,135.8999939,137.6999969,134.9299927,137.5,16394900
2693,14/9/2023,138.3899994,139.5500031,137.0599976,138.9900055,19064600
2694,15/9/2023,138.8000031,139.3600006,137.1799927,138.3000031,48947600
2695,18/9/2023,137.6300049,139.9299927,137.6300049,138.9600067,16233600
2696,19/9/2023,138.25,139.1750031,137.5,138.8300018,15479100
2697,20/9/2023,138.8300018,138.8399963,134.5200043,134.5899963,21473500
2698,21/9/2023,132.3899994,133.1900024,131.0899963,131.3600006,22042700
2699,22/9/2023,131.6799927,133.0099945,130.5099945,131.25,17348700
2700,25/9/2023,130.7700043,132.2200012,130.0299988,132.1699982,14650000
2701,26/9/2023,130.9140015,131.4049988,128.1900024,129.4499969,20378800
2702,27/9/2023,129.4400024,131.7200012,129.3800049,131.4600067,18764200
2703,28/9/2023,130.6900024,134.1799927,130.6900024,133.1300049,18201400
2704,29/9/2023,134.0800018,134.8899994,131.3200073,131.8500061,23224200
2705,2/10/2023,132.1549988,135.3600006,132.0650024,135.1699982,19210400
2706,3/10/2023,134.9299927,135.2400055,132.8150024,133.3000031,19628700
2707,4/10/2023,133.6600037,136.5700073,133.4299927,136.2700043,22848000
2708,5/10/2023,136.1300049,136.5,134.4550018,135.9900055,15922900
2709,6/10/2023,134.9400024,139.1860046,134.9400024,138.7299957,20819300
2710,9/10/2023,137.9900055,139.9700012,136.6999969,139.5,16599100
2711,10/10/2023,139.5099945,140.7400055,138.4299927,139.1999969,19554900
2712,11/10/2023,139.8500061,142.2200012,139.8399963,141.6999969,20146300
2713,12/10/2023,142.1600037,142.3800049,139.4499969,140.2899933,18173100
2714,13/10/2023,140.6499939,141.3399963,137.9700012,138.5800018,19438700
2715,16/10/2023,139.7299957,140.9049988,139.3200073,140.4900055,17345600
2716,17/10/2023,140.0299988,141.25,138.529007,140.9900055,17424000
2717,18/10/2023,140.75,141.9900055,138.7050018,139.2799988,18304900
2718,19/10/2023,139.8000031,141.0050049,138.6000061,138.9799957,21831200
2719,20/10/2023,138.5899963,139.0399933,136.2449951,136.7400055,24953900
2720,23/10/2023,136.2299957,139.0200043,135.1100006,137.8999939,20780700
2721,24/10/2023,139.1600037,140.7100067,138.75,140.1199951,26535200
2722,25/10/2023,129.7700043,130.1000061,126.0899963,126.6699982,58796100
2723,26/10/2023,124.4700012,125.4599991,122.3199997,123.4400024,33907400
2724,27/10/2023,124.0299988,124.4400024,121.4599991,123.4000015,37367700
2725,30/10/2023,124.4599991,126.5500031,123.8799973,125.75,24165600
2726,31/10/2023,126.2699966,126.5599976,123.9250031,125.3000031,21123400
2727,1/11/2023,125.3399963,127.7399979,124.9250031,127.5699997,26536600
2728,2/11/2023,129.5599976,130.0899963,128.1100006,128.5800018,24091700
2729,3/11/2023,129.0899963,130.7299957,129.0099945,130.3699951,19517900
2730,6/11/2023,130.2200012,131.5599976,129.9299927,131.4499969,15360400
2731,7/11/2023,131.9799957,133.2799988,131.1399994,132.3999939,19223800
2732,8/11/2023,132.3600006,133.5399933,132.1600037,133.2599945,15093600
2733,9/11/2023,133.3600006,133.9600067,131.5099945,131.6900024,17976500
2734,10/11/2023,131.5299988,134.2700043,130.8699951,134.0599976,20872900
2735,13/11/2023,133.3600006,134.1100006,132.7700043,133.6399994,16409900
2736,14/11/2023,135.6499939,137.2400055,135.1000061,135.4299927,22317300
2737,15/11/2023,136.6399994,136.8399963,135.3300018,136.3800049,15840900
2738,16/11/2023,136.9600067,138.8800049,136.0800018,138.6999969,17615100
2739,17/11/2023,137.8200073,138,135.4799957,136.9400024,25565300
2740,20/11/2023,135.5,138.4250031,135.4900055,137.9199982,19569400
2741,21/11/2023,137.9400024,138.9649963,137.7050018,138.6199951,17648100
2742,22/11/2023,139.1000061,141.1000061,139,140.0200043,17306400
2743,24/11/2023,139.5399933,139.677002,137.4700012,138.2200012,8828600
2744,27/11/2023,137.5700073,139.6300049,137.5399933,138.0500031,17886400
2745,28/11/2023,137.6300049,138.6600037,137.0399933,138.6199951,17046900
2746,29/11/2023,138.9850006,139.6699982,136.2949982,136.3999939,21014700
2747,30/11/2023,136.3999939,136.9600067,132.7899933,133.9199982,29913500
2748,1/12/2023,133.3200073,133.5,132.1519928,133.3200073,24258400
2749,4/12/2023,131.2940063,131.4499969,129.3999939,130.6300049,24117100
2750,5/12/2023,130.3699951,133.5399933,129.7299957,132.3899994,19235100
2751,6/12/2023,132.8999939,133.3099976,131.3099976,131.4299927,16360600
2752,7/12/2023,136.6000061,140,136.2299957,138.4499969,38419400
2753,8/12/2023,135.6600037,137.9900055,135.5700073,136.6399994,22990900
2754,11/12/2023,133.8200073,134.7899933,132.8899994,134.6999969,24502900
2755,12/12/2023,133.2700043,134.5399933,132.8300018,133.6399994,26584000
2756,13/12/2023,134.5449982,134.7799988,132.9499969,133.9700012,25414500
2757,14/12/2023,134.7700043,135.0350037,131.0599976,133.1999969,29619100
2758,15/12/2023,132.9199982,134.8300018,132.6300049,133.8399963,58569400
2759,18/12/2023,133.8600006,138.3800049,133.7700043,137.1900024,25699800
2760,19/12/2023,138,138.7700043,137.4499969,138.1000061,20661000
2761,20/12/2023,140.3300018,143.0780029,139.4100037,139.6600037,33507300
2762,21/12/2023,140.7700043,142.0299988,140.4730072,141.8000031,18101500
2763,22/12/2023,142.1300049,143.25,142.0549927,142.7200012,18494700
2764,26/12/2023,142.9799957,143.9450073,142.5,142.8200073,11170100
2765,27/12/2023,142.8300018,143.3200073,141.0509949,141.4400024,17288400
2766,28/12/2023,141.8500061,142.2700043,140.8280029,141.2799988,12192500
2767,29/12/2023,140.6799927,141.4349976,139.8999939,140.9299927,14872700
2768,2/1/2024,139.6000061,140.6150055,137.7400055,139.5599976,20071900
2769,3/1/2024,138.6000061,141.0899963,138.4299927,140.3600006,18974300
2770,4/1/2024,139.8500061,140.6349945,138.0099945,138.0399933,18253300
2771,5/1/2024,138.352005,138.8099976,136.8500061,137.3899994,15433200
2772,8/1/2024,138,140.6399994,137.8800049,140.5299988,17645300
2773,9/1/2024,140.0599976,142.8000031,139.7899933,142.5599976,19579700
2774,10/1/2024,142.5200043,144.5249939,142.4600067,143.8000031,16621800
